"","Pop_1","Pop_2","Pop_3"
"loc0001",0.375,0.2857,0.3
"loc0002",0.25,0,0
"loc0003",0.125,0.1429,0.2
"loc0004",0,0.2857,0
"loc0005",0,0.2857,0
"loc0006",0.125,0,0.4
"loc0007",0.125,0,0.1
"loc0008",0.25,0,0
"loc0009",0,0,0.3
"loc0010",0,0.1429,0.1
"loc0011",0.25,0.4286,0.3
"loc0012",0.25,0.1429,0.1
"loc0013",0.125,0,0.1
"loc0014",0.625,0,0.3
"loc0015",0,0.4286,0.4
"loc0016",0,0,0
"loc0017",0,0,0.2
"loc0018",0,0.2857,0.1
"loc0019",0.125,0,0.2
"loc0020",0.125,0.5714,0.4
"loc0021",0.25,0,0
"loc0022",0.125,0,0.1
"loc0023",0.375,0.8571,0.5
"loc0024",0.125,0.1429,0
"loc0025",0,0,0.2
"loc0026",0.25,0.1429,0.2
"loc0027",0,0,0.3
"loc0028",0.25,0.2857,0.1
"loc0029",0.375,0.5714,0.5
"loc0030",0.125,0.4286,0.3
"loc0031",0,0.1429,0
"loc0032",0,0.1429,0.3
"loc0033",0.25,0.1429,0.1
"loc0034",0.375,0.5714,0.3
"loc0035",0,0,0.2
"loc0036",0.5,0.5714,0.3
"loc0037",0,0.2857,0.3
"loc0038",0.5,0.1429,0.1
"loc0039",0.375,0,0
"loc0040",0.375,0.5714,0.3
"loc0041",0.25,0,0
"loc0042",0.25,0,0
"loc0043",0,0.1429,0.2
"loc0044",0,0.2857,0
"loc0045",0,0.1429,0.3
"loc0046",0,0.1429,0.5
"loc0047",0,0.1429,0.5
"loc0048",0,0.1429,0.6
"loc0049",0.375,0.4286,0.6
"loc0050",0,0,0.2
"loc0051",0,0,0.2
"loc0052",0,0,0.2
"loc0053",0,0,0.2
"loc0054",0,0,0.2
"loc0055",0.125,0,0.2
"loc0056",0.25,0.4286,0.6
"loc0057",0.125,0,0.1
"loc0058",0.25,0.2857,0
"loc0059",0.125,0.7143,0.5
"loc0060",0,0.4286,0.3
"loc0061",0.25,0.2857,0.2
"loc0062",0,0.1429,0
"loc0063",0.25,0.1429,0.1
"loc0064",0,0,0.2
"loc0065",0.25,0,0
"loc0066",0.125,0.1429,0.2
"loc0067",0.125,0,0.2
"loc0068",0.125,0.1429,0
"loc0069",0.25,0,0
"loc0070",0.375,0.2857,0.5
"loc0071",0.125,0.4286,0.5
"loc0072",0.375,0.2857,0.4
"loc0073",1,0.8571,1
"loc0074",0.5,0.4286,0.5
"loc0075",0.625,0.1429,0.6
"loc0076",0,0,0.2
"loc0077",0.125,0.1429,0.1
"loc0078",0.25,0,0
"loc0079",0,0,0.2
"loc0080",0.25,0,0.3
"loc0081",0,0.1429,0.2
"loc0082",0,0,0.2
"loc0083",0.375,0,0
"loc0084",0,0.2857,0.4
"loc0085",0,0.2857,0
"loc0086",0.375,0.7143,0.4
"loc0087",0.25,0,0.1
"loc0088",0,0.1429,0.2
"loc0089",0.125,0,0.1
"loc0090",0.125,0.1429,0.3
"loc0091",0.375,0.1429,0.4
"loc0092",0.75,0.5714,0.4
"loc0093",0.125,0.1429,0.4
"loc0094",0,0,0
"loc0095",0,0,0.2
"loc0096",0,0.2857,0
"loc0097",0,0.1429,0.1
"loc0098",0,0,0
"loc0099",0,0,0
"loc0100",0,0,0
"loc0101",0,0,0.1
"loc0102",0,0,0
"loc0103",0,0,0.1
"loc0104",0,0,0.1
"loc0105",0,0,0
"loc0106",0,0,0
"loc0107",0,0,0
"loc0108",0,0,0
"loc0109",0,0,0
"loc0110",0,0,0
"loc0111",0,0,0
"loc0112",0,0,0
"loc0113",1,0.8571,1
"loc0114",0,0.4286,0.7
"loc0115",0,0.2857,0.1
"loc0116",0.125,0,0
"loc0117",0.125,0.2857,0.1
"loc0118",0,0.2857,0.1
"loc0119",0.25,0.5714,0.7
"loc0120",0,0,0.1
"loc0121",0.25,0.1429,0
"loc0122",0.25,0.1429,0.3
"loc0123",0.25,0,0.4
"loc0124",0,0.2857,0
"loc0125",0.125,0.1429,0
"loc0126",0.125,0,0
"loc0127",0,0.4286,0
"loc0128",0.5,0,0
"loc0129",0,0.2857,0
"loc0130",0.125,0.4286,0.5
"loc0131",0,0.1429,0.2
"loc0132",0,0,0.2
"loc0133",0.375,0.5714,0.5
"loc0134",0,0.2857,0
"loc0135",0.375,0,0.1
"loc0136",0,0,0.2
"loc0137",0.25,0.1429,0.2
"loc0138",0.375,0.4286,0.2
"loc0139",0.5,0.7143,0.3
"loc0140",0.125,0,0.1
"loc0141",0,0.1429,0.1
"loc0142",0.5,0.1429,0.4
"loc0143",0,0.2857,0.2
"loc0144",0.25,0.2857,0.2
"loc0145",0.375,0.1429,0.4
"loc0146",0.25,0,0.4
"loc0147",0.375,0,0.4
"loc0148",0.75,0.2857,0.5
"loc0149",0.375,0.2857,0.4
"loc0150",0.125,0,0.1
"loc0151",0.375,0.2857,0.4
"loc0152",0.375,0.2857,0.4
"loc0153",0.375,0.2857,0.4
"loc0154",0.125,0,0.1
"loc0155",0.375,0.2857,0.5
"loc0156",0.375,0.2857,0.6
"loc0157",0,0.1429,0.1
"loc0158",0.125,0.1429,0.1
"loc0159",0.5,0.4286,0.5
"loc0160",0.375,0.2857,0.3
"loc0161",0.25,0.1429,0.2
"loc0162",0.25,0.1429,0.6
"loc0163",0.125,0.1429,0
"loc0164",0.375,0,0.4
"loc0165",0,0.1429,0.1
"loc0166",0,0,0.2
"loc0167",0,0.1429,0.2
"loc0168",0,0.1429,0.2
"loc0169",0,0.1429,0.2
"loc0170",0,0.1429,0.1
"loc0171",0.375,0.2857,0.6
"loc0172",0.5,0.2857,0.6
"loc0173",0,0,0.2
"loc0174",0.25,0,0.2
"loc0175",0.25,0.2857,0.2
"loc0176",0.25,0.2857,0.2
"loc0177",0.25,0.1429,0.3
"loc0178",0,0.2857,0.4
"loc0179",0.125,0.2857,0.2
"loc0180",0,0,0.2
"loc0181",0.375,0,0.3
"loc0182",0.25,0.7143,0.3
"loc0183",0.5,0.4286,0.6
"loc0184",0.875,0.5714,0.9
"loc0185",0,0.1429,0.1
"loc0186",0,0.1429,0.1
"loc0187",0.25,0.1429,0.1
"loc0188",0.125,0,0
"loc0189",0.125,0,0.1
"loc0190",0,0.4286,0.6
"loc0191",0.5,0.8571,0.8
"loc0192",0,0.1429,0.1
"loc0193",0.125,0.2857,0.1
"loc0194",0.25,0,0
"loc0195",0.25,0,0
"loc0196",0.25,0.2857,0.2
"loc0197",0.125,0.1429,0.2
"loc0198",0.125,0.1429,0.1
"loc0199",0.125,0.1429,0.1
"loc0200",0.5,0.4286,0.1
"loc0201",0.25,0.1429,0.5
"loc0202",0.125,0.2857,0.2
"loc0203",0,0.1429,0.3
"loc0204",0,0,0.2
"loc0205",0.125,0,0.1
"loc0206",0,0.2857,0
"loc0207",0,0.1429,0.2
"loc0208",0.125,0.1429,0.1
"loc0209",0.25,0.4286,0.1
"loc0210",0.25,0.4286,0.1
"loc0211",0,0,0.2
"loc0212",0.5,0.1429,0.2
"loc0213",0.5,0.1429,0.2
"loc0214",0.5,0.5714,0.4
"loc0215",0.625,0.1429,0.1
"loc0216",0,0,0.2
"loc0217",0,0,0.2
"loc0218",0.125,0.1429,0
"loc0219",0.125,0.2857,0.3
"loc0220",0.125,0.1429,0.4
"loc0221",0.125,0,0.1
"loc0222",0.125,0,0.1
"loc0223",0.125,0.1429,0
"loc0224",0.125,0,0.1
"loc0225",0.375,0.5714,0.3
"loc0226",0.375,0.4286,0.3
"loc0227",0.5,0.8571,0.3
"loc0228",0.125,0.1429,0
"loc0229",0.375,0.2857,0.3
"loc0230",0,0.1429,0.1
"loc0231",0.125,0.1429,0.2
"loc0232",0.125,0.1429,0.2
"loc0233",0,0,0.4
"loc0234",0,0.1429,0.1
"loc0235",0,0,0.2
"loc0236",0.125,0.4286,0.2
"loc0237",0.125,0.2857,0
"loc0238",0.375,0.7143,0.4
"loc0239",0.25,0.1429,0.2
"loc0240",0.5,0.1429,0.2
"loc0241",0.625,0.7143,0.7
"loc0242",0.625,0.2857,0.6
"loc0243",0.125,0.1429,0.1
"loc0244",0,0,0.1
"loc0245",0,0.1429,0.2
"loc0246",0.125,0,0.1
"loc0247",0.5,0.2857,0.4
"loc0248",0.25,0,0
"loc0249",0.125,0.1429,0
"loc0250",0.125,0.1429,0.1
"loc0251",0.25,0.4286,0.3
"loc0252",0,0.1429,0
"loc0253",0,0.2857,0
"loc0254",0,0.5714,0.6
"loc0255",0.125,0.5714,0.2
"loc0256",0.125,0.1429,0.4
"loc0257",0,0.2857,0
"loc0258",0.125,0,0.1
"loc0259",0.125,0.1429,0.7
"loc0260",0.625,0.2857,0.6
"loc0261",0.125,0.1429,0.1
"loc0262",0.25,0.2857,0.4
"loc0263",0,0,0.2
"loc0264",0.125,0.2857,0.2
"loc0265",0.125,0,0.2
"loc0266",0.25,0.1429,0.2
"loc0267",0.375,0,0
"loc0268",0.25,0,0
"loc0269",0,0,0.2
"loc0270",0.125,0.1429,0.2
"loc0271",0,0,0.5
"loc0272",0,0,0
"loc0273",0.25,0.1429,0.1
"loc0274",0.25,0.1429,0.1
"loc0275",0.5,0.1429,0.1
"loc0276",0,0.1429,0.1
"loc0277",0.25,0.1429,0
"loc0278",0.375,0,0.3
"loc0279",0.125,0.1429,0
"loc0280",0.125,0,0.1
"loc0281",0.375,0.2857,0.3
"loc0282",0.375,0.2857,0.2
"loc0283",0.375,0.5714,0.5
"loc0284",0.625,0,0
"loc0285",0.125,0.5714,0.5
"loc0286",0,0.1429,0
"loc0287",0.375,0.5714,0.6
"loc0288",0.25,0.1429,0
"loc0289",0.375,0,0.3
"loc0290",0,0.1429,0.2
"loc0291",0.125,0,0.1
"loc0292",0.25,0,0
"loc0293",0.25,0.2857,0
"loc0294",0.25,0,0
"loc0295",0.375,0.4286,0.3
"loc0296",0.125,0,0.3
"loc0297",0,0,0.2
"loc0298",0.375,0,0
"loc0299",0.25,0,0
"loc0300",0.25,0,0
"loc0301",0.25,0,0
"loc0302",0.25,0,0
"loc0303",0,0.2857,0.3
"loc0304",0.25,0,0
"loc0305",0.125,0,0.1
"loc0306",0.25,0.4286,0.7
"loc0307",0.625,0.1429,0.2
"loc0308",0.375,0.5714,0.3
"loc0309",0.25,0,0.2
"loc0310",0.125,0.1429,0.2
"loc0311",0.25,0.1429,0.3
"loc0312",0.25,0,0
"loc0313",0.375,0.1429,0.2
"loc0314",0,0.1429,0.1
"loc0315",0,0,0.2
"loc0316",0,0,0.3
"loc0317",0.25,0,0
"loc0318",0,0.1429,0.2
"loc0319",0.125,0.2857,0.1
"loc0320",0,0.1429,0.2
"loc0321",0.125,0.1429,0.2
"loc0322",0,0.1429,0.1
"loc0323",0.125,0.4286,0.6
"loc0324",0,0.1429,0.1
"loc0325",0,0.1429,0.1
"loc0326",0.625,0.4286,0.8
"loc0327",0,0.1429,0.2
"loc0328",0.125,0.2857,0.3
"loc0329",0.125,0.2857,0.3
"loc0330",0.125,0.2857,0.3
"loc0331",0.125,0.2857,0.3
"loc0332",0,0,0.2
"loc0333",0.625,0.2857,0.2
"loc0334",0.5,0.4286,0.2
"loc0335",0.125,0.4286,0.6
"loc0336",0.25,0.2857,0.1
"loc0337",0.375,0.2857,0.3
"loc0338",0,0.2857,0
"loc0339",0.5,0.4286,0.4
"loc0340",0,0.1429,0.1
"loc0341",0,0.1429,0.2
"loc0342",0,0,0.5
"loc0343",0,0.1429,0.6
"loc0344",0.875,0.5714,0.5
"loc0345",0.5,0.4286,0.3
"loc0346",0.5,0.2857,0.4
"loc0347",0.5,0.2857,0.4
"loc0348",0.5,0,0.2
"loc0349",0.625,0.7143,0.6
"loc0350",0.125,0.2857,0.2
"loc0351",0.25,0.1429,0.4
"loc0352",0.125,0.2857,0.1
"loc0353",0.75,0.5714,0.5
"loc0354",0.25,0.4286,0.4
"loc0355",0.25,0.4286,0.4
"loc0356",0,0,0.2
"loc0357",0.125,0.1429,0.1
"loc0358",0.25,0,0.1
"loc0359",0,0.1429,0.1
"loc0360",0.125,0.5714,0.4
"loc0361",0.25,0,0.2
"loc0362",0,0.2857,0.2
"loc0363",0,0,0.2
"loc0364",0,0,0.2
"loc0365",0.375,0.1429,0.2
"loc0366",0.5,0.1429,0.3
"loc0367",0.25,0.1429,0.2
"loc0368",0.375,0.1429,0.5
"loc0369",0.25,0.2857,0.2
"loc0370",0.25,0,0
"loc0371",0,0.1429,0.2
"loc0372",0,0.1429,0.2
"loc0373",0.125,0.7143,0.1
"loc0374",0,0,0.2
"loc0375",0,0.1429,0.2
"loc0376",0,0.1429,0.2
"loc0377",0,0,0.2
"loc0378",0,0,0.3
"loc0379",0,0,0.3
"loc0380",0.125,0.1429,0.3
"loc0381",0.125,0.1429,0.3
"loc0382",0.375,0.4286,0.1
"loc0383",0.5,0.4286,0.3
"loc0384",0.25,0.4286,0.4
"loc0385",0,0.1429,0
"loc0386",0,0,0.2
"loc0387",0.125,0,0.1
"loc0388",0.125,0.4286,0.3
"loc0389",0.25,0,0.1
"loc0390",0.125,0,0.1
"loc0391",0,0.1429,0.1
"loc0392",0,0.1429,0.1
"loc0393",0.125,0.4286,0.4
"loc0394",0.125,0.7143,0.4
"loc0395",0,0.1429,0.1
"loc0396",0,0,0
"loc0397",0.125,0.1429,0.2
"loc0398",0.25,0,0
"loc0399",0.375,0.4286,0.4
"loc0400",0,0.2857,0.1
"loc0401",0.375,0.2857,0
"loc0402",0.375,0.2857,0
"loc0403",0,0,0.2
"loc0404",0,0,0.2
"loc0405",0,0,0.2
"loc0406",0,0,0.2
"loc0407",0,0,0.2
"loc0408",0,0,0.2
"loc0409",0,0,0.2
"loc0410",0,0,0.2
"loc0411",0,0,0.2
"loc0412",0.375,0.1429,0.3
"loc0413",0.125,0.2857,0.3
"loc0414",0,0,0
"loc0415",0.25,0.4286,0.5
"loc0416",0.25,0.5714,0.4
"loc0417",0,0.2857,0.1
"loc0418",0,0,0.1
"loc0419",0.375,0.2857,0.2
"loc0420",0.375,0.4286,0.2
"loc0421",0.125,0.1429,0.4
"loc0422",0.125,0.1429,0.4
"loc0423",0.125,0.1429,0.3
"loc0424",0.25,0.1429,0.3
"loc0425",0.25,0.2857,0.1
"loc0426",0.25,0.2857,0.1
"loc0427",0.25,0.2857,0.1
"loc0428",0.25,0.2857,0.1
"loc0429",0.25,0.2857,0.1
"loc0430",0.25,0.2857,0.1
"loc0431",0.125,0.4286,0.1
"loc0432",0.125,0.4286,0.1
"loc0433",0,0,0.2
"loc0434",0,0,0.2
"loc0435",0.125,0.1429,0.2
"loc0436",0,0.1429,0.2
"loc0437",0,0.1429,0.2
"loc0438",0.125,0.1429,0.2
"loc0439",0,0,0.2
"loc0440",0,0,0.2
"loc0441",0,0.1429,0.1
"loc0442",0,0.2857,0.7
"loc0443",0,0.1429,0.2
"loc0444",0.25,0.1429,0.2
"loc0445",0,0,0.7
"loc0446",0,0.4286,0.3
"loc0447",0.125,0,0.2
"loc0448",0.375,0.4286,0.2
"loc0449",0.125,0,0.1
"loc0450",0.25,0,0.2
"loc0451",0.25,0.2857,0.1
"loc0452",0.25,0,0
"loc0453",0.125,0.1429,0.5
"loc0454",0.5,0.4286,0.5
"loc0455",0.25,0.1429,0.3
"loc0456",0,0.2857,0
"loc0457",0.375,0,0
"loc0458",0,0.2857,0
"loc0459",0,0.2857,0.2
"loc0460",0.375,0,0
"loc0461",0.25,0.1429,0.3
"loc0462",0.25,0.7143,0.3
"loc0463",0.5,0.2857,0.8
"loc0464",0.25,0.2857,0.1
"loc0465",0.125,0,0.1
"loc0466",0,0.2857,0.3
"loc0467",0.125,0.4286,0.5
"loc0468",0.125,0,0.1
"loc0469",0.125,0,0.1
"loc0470",0.25,0.1429,0.5
"loc0471",0.125,0.4286,0.5
"loc0472",0,0.4286,0.1
"loc0473",0.125,0.1429,0.1
"loc0474",0,0,0.2
"loc0475",0.25,0.4286,0.3
"loc0476",0.25,0.2857,0.3
"loc0477",0.25,0.5714,0.2
"loc0478",0.375,0,0
"loc0479",0.375,0,0
"loc0480",0.125,0.1429,0.6
"loc0481",0.125,0.1429,0
"loc0482",0.375,0,0
"loc0483",0.375,0,0.1
"loc0484",0,0.2857,0.7
"loc0485",0.5,0.2857,0.4
"loc0486",0.75,0.2857,0.7
"loc0487",0.5,0.2857,0.7
"loc0488",0,0,0.2
"loc0489",0.375,0,0.2
"loc0490",0,0,0.2
"loc0491",0.375,0.4286,0.2
"loc0492",0.375,0,0.2
"loc0493",0.5,0.2857,0.6
"loc0494",0,0.2857,0.1
"loc0495",0.25,0.1429,0
"loc0496",0,0,0.2
"loc0497",0.25,0.4286,0
"loc0498",0.75,0.7143,0.5
"loc0499",0.75,0.7143,0.5
"loc0500",0,0.1429,0.1
"loc0501",0.875,0.7143,0.5
"loc0502",0.875,0.8571,0.6
"loc0503",0,0.1429,0.1
"loc0504",0,0.1429,0.1
"loc0505",1,1,0.9
"loc0506",0,0.1429,0.1
"loc0507",1,1,0.9
"loc0508",1,1,0.9
"loc0509",0,0.1429,0.1
"loc0510",0,0.1429,0.1
"loc0511",0,0.1429,0.1
"loc0512",0,0.1429,0.1
"loc0513",1,1,0.8
"loc0514",0,0.1429,0.1
"loc0515",1,1,0.8
"loc0516",1,1,0.8
"loc0517",1,0.8571,0.8
"loc0518",1,0.8571,0.8
"loc0519",1,0.8571,0.8
"loc0520",1,0.8571,0.8
"loc0521",1,0.8571,0.9
"loc0522",1,0.7143,0.9
"loc0523",1,0.7143,0.9
"loc0524",1,0.7143,0.9
"loc0525",0.375,0.2857,0.1
"loc0526",0,0,0.1
"loc0527",0,0.1429,0.4
"loc0528",0.375,0.1429,0.5
"loc0529",0.25,0.4286,0.1
"loc0530",0.125,0,0
"loc0531",0,0.2857,0.3
"loc0532",0.125,0,0
"loc0533",0.125,0.1429,0.1
"loc0534",0,0.2857,0.1
"loc0535",0,0.2857,0.1
"loc0536",0.125,0.2857,0
"loc0537",0.625,0.2857,0.2
"loc0538",0.375,0.2857,0
"loc0539",0.625,0.7143,0.3
"loc0540",0.5,0.4286,0.4
"loc0541",0,0,0.2
"loc0542",0,0,0.2
"loc0543",0,0,0.2
"loc0544",0,0,0.2
"loc0545",0,0.4286,0
"loc0546",0.25,0.1429,0.1
"loc0547",0.375,0.1429,0.2
"loc0548",0.25,0.2857,0.3
"loc0549",0.75,0,0
"loc0550",0.25,0.4286,0.4
"loc0551",0.75,0,0
"loc0552",0,0.1429,0.1
"loc0553",0.25,0.1429,0.2
"loc0554",0.25,0,0
"loc0555",0.125,0.4286,0
"loc0556",0.75,0.5714,1
"loc0557",0.5,0.5714,0.5
"loc0558",0.625,0.7143,1
"loc0559",0.125,0.7143,0.8
"loc0560",0.125,0.2857,0.4
"loc0561",0.125,0.5714,0.5
"loc0562",0.125,0,0.2
"loc0563",0.375,0.7143,0.4
"loc0564",0.375,0.2857,0
"loc0565",0.125,0,0
"loc0566",0.25,0.2857,0
"loc0567",0.375,0.2857,0.2
"loc0568",0,0.1429,0.3
"loc0569",0.625,0.2857,0.2
"loc0570",0.5,0.1429,0.6
"loc0571",0,0.1429,0.1
"loc0572",0.125,0.2857,0.5
"loc0573",0,0,0.2
"loc0574",0,0,0
"loc0575",0,0,0.2
"loc0576",0.125,0,0.1
"loc0577",0.125,0,0.1
"loc0578",0.125,0,0.4
"loc0579",0.5,0.4286,0.5
"loc0580",0,0.1429,0.1
"loc0581",0.375,0.2857,0.3
"loc0582",0.5,0.1429,0.1
"loc0583",0.5,0.1429,0.1
"loc0584",0,0,0.3
"loc0585",0,0.2857,0
"loc0586",0,0,0
"loc0587",0.625,0.1429,0.3
"loc0588",0.125,0.5714,0.1
"loc0589",0.125,0.5714,0.3
"loc0590",0.875,0.7143,0.5
"loc0591",0.75,0.7143,0.5
"loc0592",0,0.5714,0.1
"loc0593",0,0.5714,0.1
"loc0594",0,0.5714,0.1
"loc0595",0,0.5714,0.1
"loc0596",0.75,0.7143,0.6
"loc0597",0.75,0.7143,0.6
"loc0598",0.75,0.7143,0.6
"loc0599",0.75,0.7143,0.6
"loc0600",0.75,0.7143,0.6
"loc0601",0.75,0.7143,0.6
"loc0602",0,0,0.4
"loc0603",0.125,0,0.2
"loc0604",0.25,0.1429,0
"loc0605",0.25,0.2857,0.3
"loc0606",0.25,0.2857,0.1
"loc0607",0,0.1429,0.1
"loc0608",0.125,0.4286,0.1
"loc0609",0.125,0,0.1
"loc0610",0.5,0.1429,0.5
"loc0611",0.5,0.1429,0.5
"loc0612",0,0,0.2
"loc0613",0.125,0,0.2
"loc0614",0.5,0.5714,0.4
"loc0615",1,0.4286,0.6
"loc0616",0.25,0,0
"loc0617",0.375,0,0.1
"loc0618",0.125,0.1429,0
"loc0619",0.25,0,0
"loc0620",0.125,0.5714,0.1
"loc0621",0.125,0.4286,0.1
"loc0622",0.125,0.4286,0.1
"loc0623",0.125,0.4286,0.1
"loc0624",0.125,0.4286,0.1
"loc0625",0.125,0.4286,0.1
"loc0626",0.125,0.4286,0.1
"loc0627",0.125,0.2857,0.1
"loc0628",0.125,0.2857,0.1
"loc0629",0,0.2857,0.2
"loc0630",0.125,0.2857,0.1
"loc0631",0,0.2857,0.2
"loc0632",0.125,0.4286,0.1
"loc0633",0.125,0.4286,0.1
"loc0634",0.125,0.4286,0.1
"loc0635",0.125,0.1429,0.1
"loc0636",0.125,0.2857,0
"loc0637",0.125,0.2857,0
"loc0638",0,0,0
"loc0639",0.125,0.1429,0.3
"loc0640",0,0.1429,0.6
"loc0641",0.5,0.5714,0.4
"loc0642",0.5,0.4286,0.5
"loc0643",0,0.1429,0.3
"loc0644",0,0.1429,0.3
"loc0645",0.25,0.2857,0.1
"loc0646",0.375,0,0
"loc0647",0,0,0
"loc0648",0,0.2857,0.3
"loc0649",0.125,0.2857,0.4
"loc0650",0.125,0,0.1
"loc0651",0.625,0.5714,0.2
"loc0652",0,0.2857,0.1
"loc0653",0,0.1429,0.1
"loc0654",0.5,0.1429,0.4
"loc0655",0.875,0.7143,0.5
"loc0656",0.125,0.2857,0.3
"loc0657",0.375,0,0.5
"loc0658",0.125,0,0.4
"loc0659",0.5,0,0.3
"loc0660",0,0,0.2
"loc0661",0.5,0.2857,0.3
"loc0662",0.5,0.2857,0.4
"loc0663",0.375,0.1429,0.2
"loc0664",0,0.1429,0.2
"loc0665",0.125,0,0.3
"loc0666",0.125,0,0.1
"loc0667",0.125,0,0.2
"loc0668",0.5,0.4286,0.6
"loc0669",0.25,0,0.2
"loc0670",0.25,0,0.2
"loc0671",0.25,0.2857,0.3
"loc0672",0.125,0.4286,0
"loc0673",0.125,0.1429,0
"loc0674",0.25,0,0.1
"loc0675",0.25,0,0
"loc0676",0.625,0.2857,0.5
"loc0677",0.125,0,0.1
"loc0678",0.5,0.5714,0.4
"loc0679",0.5,0.7143,0.6
"loc0680",0.125,0,0.1
"loc0681",0.25,0.1429,0.2
"loc0682",0.25,0.1429,0.2
"loc0683",0,0,0.1
"loc0684",0.125,0.1429,0.1
"loc0685",0,0.2857,0
"loc0686",0.25,0,0
"loc0687",0.25,0.1429,0.1
"loc0688",0.125,0.1429,0.1
"loc0689",0.125,0,0.4
"loc0690",0.125,0.1429,0.1
"loc0691",0,0.1429,0.1
"loc0692",0,0.2857,0.1
"loc0693",0,0.2857,0
"loc0694",0.625,0,0.2
"loc0695",0.375,0.1429,0.4
"loc0696",0.5,0.5714,0.4
"loc0697",0.125,0.1429,0
"loc0698",0.125,0.1429,0.1
"loc0699",0.625,0.2857,0.7
"loc0700",0.25,0.2857,0.4
"loc0701",0.125,0.1429,0.1
"loc0702",0,0.1429,0
"loc0703",0.125,0.4286,0
"loc0704",0.125,0.2857,0
"loc0705",0.75,0.2857,0.4
"loc0706",0.75,0.4286,0.5
"loc0707",0.5,0.4286,0.2
"loc0708",0.375,0.5714,0.2
"loc0709",0.375,0.8571,0.9
"loc0710",0.125,0,0.1
"loc0711",0.625,0.8571,0.8
"loc0712",0.25,0.7143,0.7
"loc0713",0.5,0.4286,0.6
"loc0714",0.25,0,0.1
"loc0715",0,0.2857,0.3
"loc0716",0.625,0.2857,0.4
"loc0717",0,0.2857,0
"loc0718",0.125,0.2857,0.5
"loc0719",0,0,0.2
"loc0720",0.25,0.5714,0.5
"loc0721",0.25,0,0.1
"loc0722",0.5,0.8571,0.4
"loc0723",0,0.1429,0.1
"loc0724",0,0.1429,0.3
"loc0725",1,0.8571,0.8
"loc0726",1,0.8571,0.8
"loc0727",1,0.7143,0.9
"loc0728",1,0.7143,0.9
"loc0729",1,0.7143,0.9
"loc0730",1,0.7143,0.9
"loc0731",1,0.7143,0.9
"loc0732",1,0.7143,0.9
"loc0733",1,0.7143,0.9
"loc0734",1,0.7143,0.9
"loc0735",1,0.7143,0.9
"loc0736",1,0.7143,0.8
"loc0737",1,0.7143,0.9
"loc0738",1,0.7143,0.9
"loc0739",1,0.7143,0.9
"loc0740",1,0.7143,0.9
"loc0741",1,0.7143,0.9
"loc0742",1,0.7143,0.9
"loc0743",1,0.7143,0.8
"loc0744",1,0.7143,0.8
"loc0745",1,0.7143,0.8
"loc0746",1,0.7143,0.8
"loc0747",0.875,0.7143,0.8
"loc0748",0.875,0.7143,0.9
"loc0749",0.875,0.7143,0.9
"loc0750",0.875,0.7143,0.9
"loc0751",0,0.1429,0.3
"loc0752",0.375,0.1429,0.1
"loc0753",0,0.1429,0.1
"loc0754",0.125,0,0.1
"loc0755",0,0.1429,0.1
"loc0756",0.75,0.8571,0.3
"loc0757",0.125,0,0.3
"loc0758",0,0,0.2
"loc0759",0,0,0.2
"loc0760",0,0,0.2
"loc0761",0.375,0,0.2
"loc0762",0.375,0.1429,0.5
"loc0763",0.25,0,0.2
"loc0764",0.25,0,0.2
"loc0765",0.5,0.5714,0.2
"loc0766",0.5,0.5714,0.2
"loc0767",0.5,0,0.2
"loc0768",0.125,0.1429,0
"loc0769",0.125,0.1429,0
"loc0770",0.125,0.1429,0
"loc0771",0.125,0,0
"loc0772",0.125,0,0
"loc0773",0.125,0,0
"loc0774",0.125,0,0
"loc0775",0.125,0,0
"loc0776",0.125,0,0.1
"loc0777",0.375,0.2857,0.5
"loc0778",0.875,0.4286,0.4
"loc0779",0,0.2857,0.4
"loc0780",0,0,0.2
"loc0781",0.375,0.2857,0.1
"loc0782",0.125,0.1429,0.4
"loc0783",0.125,0.2857,0.3
"loc0784",0.125,0.2857,0.5
"loc0785",0.625,0.5714,0.5
"loc0786",0,0.5714,0.1
"loc0787",0.125,0.1429,0.1
"loc0788",0.75,0.5714,1
"loc0789",0.75,0.5714,0.6
"loc0790",0.25,0,0
"loc0791",0.375,0.4286,0.3
"loc0792",0.25,0.2857,0
"loc0793",0,0.2857,0.1
"loc0794",0.25,0,0
"loc0795",0.25,0,0
"loc0796",0,0.2857,0
"loc0797",0.25,0.5714,0.4
"loc0798",0.5,0.2857,0.5
"loc0799",0.5,0.4286,0.4
"loc0800",0.5,0,0.1
"loc0801",0.125,0,0.1
"loc0802",0.25,0.4286,0.6
"loc0803",0.125,0.1429,0.3
"loc0804",0,0.1429,0.1
"loc0805",0.25,0.5714,0.2
"loc0806",0.25,0.1429,0.1
"loc0807",0.375,0.5714,0.4
"loc0808",0.25,0,0.3
"loc0809",0.125,0,0.1
"loc0810",0,0.1429,0.1
"loc0811",0,0.1429,0.2
"loc0812",0.25,0.5714,0.5
"loc0813",0.25,0.4286,0.2
"loc0814",0.25,0.4286,0.2
"loc0815",0.25,0,0.3
"loc0816",0.5,0.4286,0.6
"loc0817",0.125,0,0.1
"loc0818",0.25,0.1429,0.3
"loc0819",0.375,0,0.3
"loc0820",0,0,0.2
"loc0821",0.375,0.5714,0.3
"loc0822",0.25,0.2857,0.1
"loc0823",0.125,0.2857,0.2
"loc0824",0,0.1429,0
"loc0825",0.125,0,0.1
"loc0826",0.25,0.2857,0
"loc0827",0.5,0.7143,0.4
"loc0828",0,0.1429,0.2
"loc0829",0.625,0.4286,0.4
"loc0830",0,0.1429,0.2
"loc0831",0.375,0.2857,0.2
"loc0832",0,0.4286,0.1
"loc0833",0,0.2857,0.1
"loc0834",0,0,0.2
"loc0835",0,0.2857,0
"loc0836",0.25,0.4286,0.2
"loc0837",0.25,0.4286,0.2
"loc0838",0,0.2857,0
"loc0839",0,0.2857,0.2
"loc0840",0,0.2857,0
"loc0841",0.25,0,0
"loc0842",0,0.2857,0
"loc0843",0.125,0.2857,0.5
"loc0844",0.125,0.2857,0.5
"loc0845",0,0.1429,0.2
"loc0846",0.375,0.4286,0.4
"loc0847",0.125,0,0.1
"loc0848",0.125,0,0.1
"loc0849",0,0.1429,0.4
"loc0850",0,0,0.2
"loc0851",0,0,0.2
"loc0852",0,0,0.2
"loc0853",0.25,0.4286,0.3
"loc0854",0,0.2857,0.1
"loc0855",0,0.1429,0.1
"loc0856",0,0.1429,0.1
"loc0857",0,0.1429,0.1
"loc0858",0,0.1429,0.1
"loc0859",0,0.1429,0.1
"loc0860",0,0.1429,0
"loc0861",0.25,0.1429,0.2
"loc0862",0.375,0.1429,0.1
"loc0863",0.25,0,0
"loc0864",0.75,0,0.1
"loc0865",0.25,0.1429,0.2
"loc0866",0.125,0,0
"loc0867",0.125,0.4286,0.5
"loc0868",0,0.1429,0.1
"loc0869",0,0.1429,0.1
"loc0870",0,0.1429,0.1
"loc0871",0,0.1429,0.1
"loc0872",0,0.1429,0.1
"loc0873",0,0.1429,0.1
"loc0874",0,0.1429,0.1
"loc0875",0,0.1429,0.1
"loc0876",0,0.1429,0.1
"loc0877",0.5,0.1429,0.4
"loc0878",0.125,0,0.1
"loc0879",0.125,0,0.1
"loc0880",0.25,0.4286,0.6
"loc0881",0.375,0.4286,0.6
"loc0882",0,0.2857,0
"loc0883",0.5,0.4286,0.4
"loc0884",0.375,0.4286,0.4
"loc0885",0.125,0.4286,0.3
"loc0886",0.375,0.5714,0.5
"loc0887",0.375,0,0.1
"loc0888",0.5,0.5714,0.5
"loc0889",0.375,0.1429,0.1
"loc0890",0.375,0.1429,0.1
"loc0891",0.375,0.1429,0.1
"loc0892",0.375,0.1429,0.1
"loc0893",0.375,0.1429,0.1
"loc0894",0.25,0.4286,0.3
"loc0895",0.375,0.5714,0.1
"loc0896",0,0.1429,0.1
"loc0897",0.125,0.1429,0
"loc0898",0.125,0.1429,0
"loc0899",0.125,0.1429,0
"loc0900",0.125,0.1429,0
"loc0901",0.125,0.1429,0
"loc0902",0.625,0,0.2
"loc0903",0,0.2857,0.2
"loc0904",0,0,0.2
"loc0905",0,0,0.3
"loc0906",0,0,0.2
"loc0907",0,0.2857,0
"loc0908",0.125,0,0.1
"loc0909",0.125,0,0.1
"loc0910",0.125,0,0.1
"loc0911",0.125,0.1429,0.1
"loc0912",0.25,0,0
"loc0913",0.125,0.4286,0.2
"loc0914",0,0.2857,0
"loc0915",0.375,0.5714,0.3
"loc0916",0.5,0.1429,0.4
"loc0917",0.125,0.1429,0.2
"loc0918",0.125,0.1429,0.2
"loc0919",0.125,0.4286,0.2
"loc0920",0,0,0.2
"loc0921",0.125,0.4286,0.2
"loc0922",0.125,0.4286,0.2
"loc0923",0.125,0.4286,0.2
"loc0924",0,0,0.2
"loc0925",0.125,0.2857,0.2
"loc0926",0.125,0.4286,0.2
"loc0927",0.125,0.5714,0.2
"loc0928",0,0.1429,0.2
"loc0929",0.125,0.4286,0.2
"loc0930",0.75,0.7143,0.5
"loc0931",0.125,0.4286,0.2
"loc0932",0.125,0.4286,0.1
"loc0933",0.75,0.4286,0.3
"loc0934",0.25,0.2857,0.2
"loc0935",0.625,0.2857,0.3
"loc0936",0.125,0,0.1
"loc0937",0.25,0.5714,0.5
"loc0938",0,0.2857,0
"loc0939",0.125,0,0.1
"loc0940",0,0,0
"loc0941",0,0,0
"loc0942",0,0,0
"loc0943",0,0,0
"loc0944",0,0,0
"loc0945",0,0,0.1
"loc0946",0.5,0,0.3
"loc0947",0.375,0,0.2
"loc0948",0.25,0.2857,0.5
"loc0949",0.625,0.2857,0.6
"loc0950",0,0.1429,0.2
"loc0951",0,0.1429,0.2
"loc0952",0,0.1429,0.2
"loc0953",0,0.1429,0.2
"loc0954",0,0.1429,0.2
"loc0955",0,0.1429,0.2
"loc0956",0,0.1429,0.2
"loc0957",0,0.1429,0.2
"loc0958",0,0.1429,0.2
"loc0959",0,0.1429,0.2
"loc0960",0,0.1429,0.2
"loc0961",0.25,0.1429,0.2
"loc0962",0.375,0.2857,0.2
"loc0963",0.625,0,0
"loc0964",0.25,0.2857,0.2
"loc0965",0.625,0,0
"loc0966",0.25,0,0
"loc0967",0.25,0.1429,0.2
"loc0968",0.625,0.5714,0.5
"loc0969",0.25,0.1429,0.4
"loc0970",0,0,0.2
"loc0971",0.625,0.1429,0.1
"loc0972",0.75,0.1429,0.1
"loc0973",0.375,0.2857,0.2
"loc0974",0.5,0.1429,0
"loc0975",0.125,0,0.1
"loc0976",0.375,0.2857,0.3
"loc0977",0,0,0
"loc0978",0.25,0,0
"loc0979",0.25,0,0
"loc0980",0.125,0.1429,0
"loc0981",0.25,0.2857,0
"loc0982",0.25,0,0
"loc0983",0.125,0.2857,0
"loc0984",0.125,0.2857,0
"loc0985",0.25,0,0
"loc0986",0.25,0,0
"loc0987",0.375,0.7143,0.3
"loc0988",0.125,0.4286,0.7
"loc0989",0.125,0.2857,0
"loc0990",0,0.1429,0.2
"loc0991",0.75,0.5714,0.4
"loc0992",0.125,0,0.2
"loc0993",0.375,0.4286,0.7
"loc0994",0,0.2857,0
"loc0995",0.25,0,0.1
"loc0996",0,0,0
"loc0997",0.5,0.4286,0.4
"loc0998",0.5,0.4286,0.3
"loc0999",0.125,0.5714,0.2
"loc1000",0.125,0,0.1
"loc1001",0.5,0.8571,0.5
"loc1002",0.375,0,0.3
"loc1003",0.125,0,0.1
"loc1004",0,0.5714,0
"loc1005",0,0.1429,0.1
"loc1006",0.625,0.4286,0.6
"loc1007",0,0.1429,0.2
"loc1008",0,0.1429,0.1
"loc1009",0.25,0.5714,0.2
"loc1010",0,0,0
"loc1011",0.25,0.2857,0
"loc1012",0.125,0.4286,0.1
"loc1013",0.75,0.1429,0.2
"loc1014",0.25,0.2857,0.3
"loc1015",0.25,0.5714,0.3
"loc1016",0.625,1,0.2
"loc1017",0,0.2857,0.3
"loc1018",0,0.1429,0.2
"loc1019",0,0.2857,0
"loc1020",0.5,0.7143,0.4
"loc1021",0.75,0.7143,0.3
"loc1022",0.125,0,0.1
"loc1023",0.5,0.4286,0.2
"loc1024",0.125,0,0.3
"loc1025",0.625,0.5714,0.6
"loc1026",0.125,0.1429,0.4
"loc1027",0,0.1429,0.3
"loc1028",0.125,0,0
"loc1029",0.375,0.1429,0.4
"loc1030",0.125,0.1429,0
"loc1031",0.125,0.2857,0.4
"loc1032",0,0,0.2
"loc1033",0,0,0.2
"loc1034",0,0.1429,0.2
"loc1035",0.125,0.4286,0.2
"loc1036",0,0.4286,0.2
"loc1037",0,0.4286,0.2
"loc1038",0,0.2857,0.2
"loc1039",0,0.1429,0.2
"loc1040",0,0.1429,0.2
"loc1041",0,0,0.2
"loc1042",0,0,0.2
"loc1043",0,0,0.2
"loc1044",0,0,0.2
"loc1045",0,0,0.2
"loc1046",0,0,0.2
"loc1047",0,0,0.2
"loc1048",0,0,0.2
"loc1049",0,0,0.2
"loc1050",0,0,0.2
"loc1051",0,0.1429,0.1
"loc1052",0.5,0.2857,0.2
"loc1053",0.25,0,0.1
"loc1054",0.125,0,0.1
"loc1055",0.125,0,0.1
"loc1056",0.125,0.5714,0.3
"loc1057",0.25,0,0
"loc1058",0.375,0.5714,0.5
"loc1059",0.625,0.4286,0.5
"loc1060",0,0.1429,0.2
"loc1061",0.5,0.5714,0.5
"loc1062",0,0.2857,0.1
"loc1063",0,0.2857,0.1
"loc1064",0,0.2857,0.1
"loc1065",0,0,0.2
"loc1066",0,0,0.2
"loc1067",0,0.2857,0.2
"loc1068",0,0.1429,0.1
"loc1069",0.625,0.1429,0
"loc1070",0,0,0.2
"loc1071",0.125,0.4286,0.5
"loc1072",0.375,0.2857,0.2
"loc1073",0.25,0,0
"loc1074",0.125,0.2857,0.1
"loc1075",0.25,0.5714,0.4
"loc1076",0,0.2857,0
"loc1077",0.125,0.1429,0
"loc1078",0.25,0.2857,0.3
"loc1079",0.125,0.1429,0
"loc1080",0.625,0.2857,0.5
"loc1081",0.375,0.2857,0.8
"loc1082",0.125,0.1429,0.1
"loc1083",0.125,0.1429,0.1
"loc1084",0.25,0,0
"loc1085",0.5,0.5714,0.3
"loc1086",0.25,0.1429,0.5
"loc1087",0.25,0,0
"loc1088",0,0.2857,0.2
"loc1089",0,0.1429,0
"loc1090",0.125,0,0.2
"loc1091",0.375,0.5714,0.6
"loc1092",0.375,0.1429,0.3
"loc1093",0.125,0.1429,0.2
"loc1094",0.125,0.1429,0
"loc1095",0.125,0.1429,0
"loc1096",0.125,0.1429,0
"loc1097",0.375,0.4286,0.3
"loc1098",0.125,0.1429,0.3
"loc1099",0,0.7143,0.1
"loc1100",0,0.1429,0.1
"loc1101",0,0.2857,0.6
"loc1102",0,0.1429,0.3
"loc1103",0,0,0
"loc1104",0,0.2857,0.2
"loc1105",0.125,0.4286,0.3
"loc1106",0,0.2857,0.5
"loc1107",0.25,0,0.1
"loc1108",0.375,0.1429,0.3
"loc1109",0.75,0,0.5
"loc1110",0.25,0.1429,0.3
"loc1111",0,0,0.3
"loc1112",0.25,0,0
"loc1113",0.25,0.5714,0.2
"loc1114",0.375,0.5714,0.6
"loc1115",0.5,0.5714,0.6
"loc1116",0.5,0.5714,0.6
"loc1117",0,0.1429,0.1
"loc1118",0.5,0.5714,0.4
"loc1119",0.375,0,0.3
"loc1120",0.5,0.5714,0.5
"loc1121",0.5,0.4286,0.4
"loc1122",0.5,0.4286,0.4
"loc1123",0.375,0,0
"loc1124",0,0.4286,0.7
"loc1125",0.125,0.2857,0.1
"loc1126",0,0.2857,0
"loc1127",0.125,0,0.3
"loc1128",0.125,0.1429,0
"loc1129",0,0.1429,0.3
"loc1130",0,0.4286,0.4
"loc1131",0.25,0.2857,0.3
"loc1132",0,0.1429,0.1
"loc1133",0.75,0.5714,0.3
"loc1134",0,0.2857,0
"loc1135",0,0.4286,0
"loc1136",0.125,0.4286,0
"loc1137",0.375,0.5714,0.6
"loc1138",0.25,0.1429,0.5
"loc1139",0.5,0.4286,0
"loc1140",0.125,0.1429,0.1
"loc1141",0.25,0.5714,0.4
"loc1142",0,0,0.2
"loc1143",0,0.1429,0.3
"loc1144",0,0.1429,0.2
"loc1145",0.75,0.5714,0.5
"loc1146",0.125,0.1429,0
"loc1147",0.25,0,0
"loc1148",0,0.4286,0.1
"loc1149",0,0,0.2
"loc1150",0.125,0.5714,0.2
"loc1151",0.125,0.5714,0.2
"loc1152",0.125,0.5714,0.2
"loc1153",0.125,0.5714,0.2
"loc1154",0.125,0.5714,0.2
"loc1155",0.125,0.4286,0.2
"loc1156",0.125,0.4286,0.2
"loc1157",0,0.4286,0.1
"loc1158",0,0.4286,0.1
"loc1159",0,0.4286,0.1
"loc1160",0,0.4286,0.1
"loc1161",0,0.4286,0.1
"loc1162",0,0.4286,0.1
"loc1163",0,0.4286,0.2
"loc1164",0,0.4286,0.1
"loc1165",0,0.4286,0.1
"loc1166",0,0,0.2
"loc1167",0,0.2857,0
"loc1168",0.25,0.2857,0.3
"loc1169",0.25,0.4286,0.1
"loc1170",0,0.4286,0.1
"loc1171",0.5,0.1429,0.2
"loc1172",0.125,0,0.2
"loc1173",0.5,0.8571,0.7
"loc1174",0,0,0.3
"loc1175",0.625,0,0
"loc1176",0.125,0,0.2
"loc1177",0.25,0.1429,0
"loc1178",0.125,0,0.2
"loc1179",0.375,0.4286,0.3
"loc1180",0.25,0.2857,0.1
"loc1181",0.375,0.1429,0.4
"loc1182",0.375,0,0.2
"loc1183",0.125,0.2857,0
"loc1184",0.125,0.1429,0
"loc1185",0.625,0.1429,0.1
"loc1186",0.125,0.2857,0.1
"loc1187",0,0,0.2
"loc1188",0,0,0.2
"loc1189",0,0,0.2
"loc1190",0,0,0.2
"loc1191",0,0.2857,0.6
"loc1192",0,0,0.2
"loc1193",0,0,0.2
"loc1194",0,0,0.2
"loc1195",0.125,0.7143,0.4
"loc1196",0.125,0.7143,0.4
"loc1197",0.125,0.8571,0.4
"loc1198",0.125,0.2857,0.1
"loc1199",0.25,0,0.2
"loc1200",0.25,0.4286,0.5
"loc1201",0.25,0,0.3
"loc1202",0.25,0,0.3
"loc1203",0,0,0.2
"loc1204",0.125,0.4286,0.1
"loc1205",0.375,0.1429,0.3
"loc1206",0.25,0,0.3
"loc1207",0,0.1429,0.1
"loc1208",0,0.4286,0.1
"loc1209",0.125,0,0.1
"loc1210",0,0.1429,0
"loc1211",0.125,0.2857,0
"loc1212",0,0.2857,0
"loc1213",0.125,0.2857,0.1
"loc1214",0,0.2857,0
"loc1215",0,0,0
"loc1216",0.125,0,0.1
"loc1217",0,0.1429,0.1
"loc1218",0.5,0.4286,0.4
"loc1219",0,0,0
"loc1220",0.75,0.4286,0.3
"loc1221",0.25,0.2857,0.2
"loc1222",0.25,0.7143,0.5
"loc1223",0.375,0,0
"loc1224",0.25,0,0.3
"loc1225",0,0,0.3
"loc1226",0.125,0.2857,0.1
"loc1227",0.625,0.5714,0.6
"loc1228",0.375,0.1429,0.1
"loc1229",0.375,0.5714,0.5
"loc1230",0.625,0.1429,0.5
"loc1231",0.375,0.5714,0.4
"loc1232",0.375,0.5714,0.4
"loc1233",0.25,0.1429,0.6
"loc1234",0,0,0.2
"loc1235",0.25,0.4286,0.5
"loc1236",0.375,0.2857,0.5
"loc1237",0,0.1429,0.1
"loc1238",0.125,0.1429,0.4
"loc1239",0.25,0.4286,0.2
"loc1240",0.125,0,0.2
"loc1241",0,0.2857,0
"loc1242",0.375,0,0.1
"loc1243",0.25,0,0.4
"loc1244",0.375,0.4286,0
"loc1245",0.375,0.7143,0.5
"loc1246",0,0.2857,0.3
"loc1247",0.375,0.4286,0.4
"loc1248",0.375,0.4286,0.4
"loc1249",0,0.2857,0.1
"loc1250",0.5,0.4286,0.4
"loc1251",0.375,0.1429,0.5
"loc1252",0.375,0.4286,0.8
"loc1253",0.25,0.5714,0.1
"loc1254",0.25,0.5714,0.1
"loc1255",0.125,0.4286,0.1
"loc1256",0.375,0.1429,0
"loc1257",0.125,0,0.1
"loc1258",0.125,0.1429,0
"loc1259",0.125,0.1429,0.1
"loc1260",0,0.1429,0.2
"loc1261",0.25,0.1429,0
"loc1262",0.125,0,0.1
"loc1263",0.125,0.1429,0.1
"loc1264",0.125,0,0.1
"loc1265",0.625,0.1429,0.3
"loc1266",0,0.5714,0.2
"loc1267",0.125,0.4286,0.5
"loc1268",0,0.2857,0.1
"loc1269",0,0,0
"loc1270",0.25,0,0
"loc1271",0.375,0,0.2
"loc1272",0.5,0.2857,0.2
"loc1273",0.625,0.2857,0.2
"loc1274",0.125,0,0.1
"loc1275",0.5,0.2857,0.3
"loc1276",0.125,0.2857,0.1
"loc1277",0.125,0,0.1
"loc1278",0.125,0.1429,0.1
"loc1279",0.125,0.1429,0
"loc1280",0,0.1429,0.1
"loc1281",0.875,0.4286,0.5
"loc1282",0.125,0.1429,0.1
"loc1283",0.125,0.2857,0.2
"loc1284",0,0,0.3
"loc1285",0.25,0,0.1
"loc1286",0.625,0.7143,0.2
"loc1287",0.5,0.1429,0.1
"loc1288",0,0.2857,0.1
"loc1289",0.25,0.1429,0.1
"loc1290",0,0.5714,0.4
"loc1291",0,0.1429,0.2
"loc1292",0,0.2857,0.3
"loc1293",0,0,0.2
"loc1294",0,0,0.2
"loc1295",0,0,0.2
"loc1296",0,0,0.2
"loc1297",0.75,0.1429,0
"loc1298",1,0.5714,0.3
"loc1299",0,0.1429,0.1
"loc1300",0.125,0.2857,0.4
"loc1301",0,0,0.2
"loc1302",0,0,0.2
"loc1303",0.125,0.1429,0.2
"loc1304",0.125,0.1429,0.2
"loc1305",0.5,0.4286,0.2
"loc1306",0.75,0.1429,0.4
"loc1307",0.25,0,0
"loc1308",0.125,0,0.1
"loc1309",0.25,0.2857,0.2
"loc1310",0.125,0.5714,0.3
"loc1311",0.375,0.2857,0.6
"loc1312",0.25,0.5714,0.4
"loc1313",0.125,0,0.1
"loc1314",0.75,0.5714,0.3
"loc1315",0.5,0.2857,0.4
"loc1316",0.375,0.2857,0.3
"loc1317",0.25,0.1429,0.2
"loc1318",0,0,0.3
"loc1319",0.125,0,0.1
"loc1320",0.25,0,0.2
"loc1321",0,0.2857,0.5
"loc1322",0.125,0,0.3
"loc1323",0.5,0.1429,0.1
"loc1324",0.25,0,0.3
"loc1325",0,0.1429,0.3
"loc1326",0.125,0.4286,0.2
"loc1327",0.5,0.5714,0.5
"loc1328",0.125,0.1429,0.5
"loc1329",0.375,0.5714,0.5
"loc1330",0.625,0.2857,0.4
"loc1331",0.25,0.1429,0.4
"loc1332",0.5,0,0
"loc1333",0.5,0,0
"loc1334",0,0.1429,0.1
"loc1335",0.125,0,0
"loc1336",0.25,0,0.4
"loc1337",0.25,0,0.4
"loc1338",0.25,0,0.3
"loc1339",0.375,0.2857,0.2
"loc1340",0,0,0.2
"loc1341",0.25,0.2857,0.1
"loc1342",0.5,0.4286,0.3
"loc1343",0.625,0.4286,0.3
"loc1344",0.125,0.2857,0
"loc1345",0,0,0
"loc1346",0.25,0,0.5
"loc1347",0.5,0.5714,0.5
"loc1348",0.5,0.1429,0.6
"loc1349",0,0.1429,0
"loc1350",0.125,0.1429,0.2
"loc1351",0.125,0,0.1
"loc1352",0.375,0.5714,0.3
"loc1353",0.25,0.4286,0.6
"loc1354",0,0.2857,0
"loc1355",0.125,0.1429,0
"loc1356",0.125,0,0.1
"loc1357",0.25,0,0.1
"loc1358",0.25,0.2857,0.4
"loc1359",0.375,0.2857,0.6
"loc1360",0.125,0.4286,0
"loc1361",0.375,0.1429,0.1
"loc1362",0.375,0.1429,0.4
"loc1363",0,0.2857,0.1
"loc1364",0.5,0.1429,0.3
"loc1365",0.375,0,0.2
"loc1366",0.375,0,0.2
"loc1367",0.125,0,0.1
"loc1368",0,0,0.3
"loc1369",0.375,0.7143,0.3
"loc1370",0.125,0.4286,0.2
"loc1371",0,0.5714,0.2
"loc1372",0,0.4286,0.2
"loc1373",0,0.2857,0.2
"loc1374",0.25,0,0
"loc1375",0.625,0.2857,0.4
"loc1376",0.25,0.4286,0.6
"loc1377",0.375,0.4286,0.3
"loc1378",0.125,0.1429,0.1
"loc1379",0.125,0,0.3
"loc1380",0,0.4286,0.6
"loc1381",0,0,0
"loc1382",0.125,0,0
"loc1383",0,0,0.5
"loc1384",0.125,0,0
"loc1385",0,0.2857,0
"loc1386",0.5,0,0
"loc1387",0,0,0.4
"loc1388",0.375,0.1429,0
"loc1389",0,0,0
"loc1390",0.5,0.2857,0.2
"loc1391",0,0.1429,0.1
"loc1392",0,0.1429,0.2
"loc1393",0.125,0.1429,0.1
"loc1394",0.125,0.1429,0
"loc1395",0,0,0.3
"loc1396",1,1,1
"loc1397",1,1,1
"loc1398",1,1,1
"loc1399",0,0,0.2
"loc1400",0.75,0.4286,0.6
"loc1401",0.375,0,0.2
"loc1402",0.375,0.1429,0.6
"loc1403",0.375,0.1429,0
"loc1404",0.25,0.1429,0.5
"loc1405",0.375,0.4286,0.4
"loc1406",0,0,0.5
"loc1407",0.125,0.5714,0
"loc1408",0.125,0.5714,0
"loc1409",0,0.1429,0.2
"loc1410",0.125,0.2857,0
"loc1411",0,0.1429,0.1
"loc1412",0.375,0,0.2
"loc1413",0,0,0.3
"loc1414",0,0.1429,0.2
"loc1415",0.375,0.2857,0.6
"loc1416",0.625,0.1429,0.2
"loc1417",0.375,0.7143,0.5
"loc1418",0.75,0.4286,0.5
"loc1419",0.25,0.1429,0.2
"loc1420",0,0.1429,0.2
"loc1421",0,0.1429,0.2
"loc1422",0.25,0.2857,0.1
"loc1423",0.25,0.1429,0
"loc1424",0.375,0.2857,0
"loc1425",0.375,0.4286,0.3
"loc1426",0.125,0.2857,0.6
"loc1427",0.25,0,0.1
"loc1428",0.25,0,0.1
"loc1429",0.25,0.4286,0.4
"loc1430",0.75,0.7143,0.4
"loc1431",0.25,0.1429,0
"loc1432",0.375,0.1429,0
"loc1433",0.25,0,0.1
"loc1434",0.375,0.2857,0.3
"loc1435",0.375,0.4286,0.4
"loc1436",0.25,0,0
"loc1437",0.25,0.1429,0
"loc1438",0.125,0,0.2
"loc1439",0.25,0.1429,0.5
"loc1440",0.25,0.1429,0.6
"loc1441",0.375,0,0.2
"loc1442",0.25,0,0.3
"loc1443",0.25,0.4286,0.3
"loc1444",0.5,0.5714,0.6
"loc1445",0,0.1429,0.1
"loc1446",0.25,0.7143,0.5
"loc1447",0.375,0.4286,0.4
"loc1448",0.25,0,0.3
"loc1449",0.125,0,0.1
"loc1450",0.625,0.2857,0.4
"loc1451",0.625,0.4286,0.6
"loc1452",0.125,0.2857,0.3
"loc1453",0.375,0.2857,0.5
"loc1454",0.25,0.1429,0.3
"loc1455",0,0,0.2
"loc1456",0,0.1429,0
"loc1457",0.25,0,0.2
"loc1458",0.375,0.4286,0.4
"loc1459",0.375,0,0
"loc1460",0.375,0,0
"loc1461",0.625,0,0.4
"loc1462",0.5,0.4286,0.3
"loc1463",0.5,0.4286,0.2
"loc1464",0,0.4286,0.3
"loc1465",0.5,0.7143,0.2
"loc1466",0.625,0.1429,0.1
"loc1467",0.125,0.1429,0.1
"loc1468",0.375,0,0.1
"loc1469",0,0.2857,0.2
"loc1470",0,0.1429,0.1
"loc1471",0.125,0.1429,0.1
"loc1472",0.25,0.1429,0.2
"loc1473",0.125,0.1429,0.2
"loc1474",0.25,0,0.1
"loc1475",0,0.4286,0.2
"loc1476",0.5,0.1429,0.2
"loc1477",0.25,0.2857,0.3
"loc1478",0.125,0.4286,0
"loc1479",0.125,0.5714,0.1
"loc1480",0.375,0.5714,0.4
"loc1481",0,0.2857,0.1
"loc1482",0.5,0.5714,0.4
"loc1483",0,0.2857,0.1
"loc1484",0.25,0,0
"loc1485",0.375,0,0
"loc1486",0.5,0.1429,0.3
"loc1487",0.125,0.2857,0.3
"loc1488",0,0,0.1
"loc1489",0.375,0.2857,0.3
"loc1490",0.375,0.5714,0.7
"loc1491",0,0.2857,0.2
"loc1492",0.5,0.7143,0.4
"loc1493",0.25,0.2857,0.5
"loc1494",0.125,0.4286,0.5
"loc1495",0.125,0,0.1
"loc1496",0,0.1429,0.1
"loc1497",0.25,0,0.2
"loc1498",0.25,0,0.2
"loc1499",0,0.1429,0.1
"loc1500",0.25,0.1429,0.3
"loc1501",0.625,0,0
"loc1502",0.625,0,0
"loc1503",0.125,0,0.2
"loc1504",0.5,0.1429,0.3
"loc1505",0.125,0.1429,0.1
"loc1506",0.125,0.1429,0
"loc1507",0,0.2857,0.2
"loc1508",0,0,0.2
"loc1509",0.75,0.2857,0.4
"loc1510",0,0.1429,0.3
"loc1511",0.75,0.2857,0.5
"loc1512",0.375,0.4286,0.2
"loc1513",0.375,0.4286,0.2
"loc1514",0.875,0.4286,0.7
"loc1515",0.125,0,0.1
"loc1516",0.125,0.2857,0.4
"loc1517",0.125,0,0.1
"loc1518",0.75,0.7143,0.5
"loc1519",0.25,0,0.1
"loc1520",0,0.2857,0
"loc1521",0.125,0,0.1
"loc1522",0.25,0.1429,0.5
"loc1523",0.125,0,0.2
"loc1524",0.125,0,0.2
"loc1525",0.125,0.1429,0.1
"loc1526",0.25,0.2857,0.3
"loc1527",0.375,0.4286,0.6
"loc1528",0,0.1429,0.2
"loc1529",0.25,0.1429,0.2
"loc1530",0.375,0.1429,0.3
"loc1531",0,0.4286,0
"loc1532",0.125,0.4286,0.3
"loc1533",0.125,0.5714,0.3
"loc1534",0.125,0.5714,0.3
"loc1535",0.125,0.5714,0.3
"loc1536",0.125,0.5714,0.3
"loc1537",0.125,0.5714,0.3
"loc1538",0.75,0.4286,0.3
"loc1539",0,0.1429,0
"loc1540",0.125,0.1429,0
"loc1541",0,0,0
"loc1542",0.25,0,0
"loc1543",0,0,0
"loc1544",0.75,0.2857,0.5
"loc1545",0,0,0
"loc1546",0.5,0.1429,0.2
"loc1547",0.125,0,0.1
"loc1548",0.25,0.2857,0.3
"loc1549",0.25,0.5714,0.6
"loc1550",0,0.1429,0.2
"loc1551",0.25,0,0
"loc1552",0.625,0.1429,0.7
"loc1553",0,0.4286,0.7
"loc1554",0.125,0.2857,0.8
"loc1555",0.25,0,0.1
"loc1556",0,0.4286,0
"loc1557",0,0.4286,0
"loc1558",0.125,0,0.5
"loc1559",0.125,0.1429,0
"loc1560",0.25,0.4286,0.4
"loc1561",0.25,0.4286,0.3
"loc1562",0.25,0.2857,0.5
"loc1563",0.125,0,0.1
"loc1564",0.125,0.1429,0
"loc1565",0.25,0,0
"loc1566",0.125,0.1429,0.2
"loc1567",0,0.1429,0
"loc1568",0.375,0.2857,0.5
"loc1569",0.25,0.2857,0.3
"loc1570",0.125,0,0.1
"loc1571",0.25,0,0
"loc1572",0,0.2857,0
"loc1573",0.5,0.7143,0.3
"loc1574",0.5,0.4286,0.1
"loc1575",0.125,0.1429,0.1
"loc1576",0.125,0.2857,0.1
"loc1577",0.25,0.4286,0.3
"loc1578",0,0.1429,0.1
"loc1579",0.25,0,0.1
"loc1580",0.25,0.2857,0.4
"loc1581",0.375,0.1429,0.4
"loc1582",0.125,0.4286,0.2
"loc1583",0.125,0,0.3
"loc1584",0.375,0.4286,0.4
"loc1585",0.375,0.7143,0.3
"loc1586",0.125,0.4286,0.4
"loc1587",0.5,0.2857,0.2
"loc1588",0.25,0.2857,0.6
"loc1589",0.125,0,0.1
"loc1590",0.375,0,0.4
"loc1591",0.125,0.2857,0.1
"loc1592",0,0.1429,0.2
"loc1593",0,0,0.2
"loc1594",0,0,0.2
"loc1595",0.125,0.1429,0.2
"loc1596",0.125,0.2857,0.2
"loc1597",0.125,0.4286,0.2
"loc1598",0.125,0.2857,0.1
"loc1599",0,0.1429,0.2
"loc1600",0.125,0.1429,0.2
"loc1601",0.25,0.2857,0.2
"loc1602",0.5,0.4286,0.5
"loc1603",0.125,0.5714,0.3
"loc1604",0.125,0.5714,0.3
"loc1605",0.125,0,0.2
"loc1606",0.125,0,0.2
"loc1607",0.375,0,0
"loc1608",0.5,0.5714,0.3
"loc1609",0.125,0.2857,0.1
"loc1610",0,0.2857,0
"loc1611",0,0.2857,0.3
"loc1612",0.375,0.2857,0.2
"loc1613",0,0.2857,0
"loc1614",0,0,0.3
"loc1615",0.5,0.2857,0.5
"loc1616",0.25,0,0.1
"loc1617",0.5,0.2857,0.4
"loc1618",0.75,0,0.2
"loc1619",0.5,0.7143,0.4
"loc1620",0.125,0.4286,0.4
"loc1621",0.625,0.5714,0.4
"loc1622",0.625,0.2857,0.4
"loc1623",0.625,0.4286,0.3
"loc1624",0,0.1429,0.2
"loc1625",0.25,0.2857,0.4
"loc1626",0,0.1429,0.5
"loc1627",0.75,0,0.1
"loc1628",0.25,0,0.6
"loc1629",0.75,0,0
"loc1630",0.5,0,0.4
"loc1631",0.75,0.2857,0.6
"loc1632",0.5,0,0.5
"loc1633",0.5,0,0.4
"loc1634",0,0.5714,0.7
"loc1635",0,0.1429,0.1
"loc1636",0,0,0.4
"loc1637",0,0.4286,0.2
"loc1638",0,0.4286,0
"loc1639",0,0.4286,0.2
"loc1640",0,0.4286,0.5
"loc1641",0.125,0.7143,0.1
"loc1642",0.125,0.7143,0.1
"loc1643",0.125,0.7143,0.1
"loc1644",0.125,0.7143,0.1
"loc1645",0.125,0.7143,0.1
"loc1646",0.125,0.7143,0.1
"loc1647",0.125,0.7143,0.1
"loc1648",0.125,0,0.1
"loc1649",0.125,0.7143,0.1
"loc1650",0.125,0.7143,0.1
"loc1651",0.125,0.1429,0.1
"loc1652",0.25,0.2857,0.4
"loc1653",0.625,0.5714,0.4
"loc1654",0.125,0,0.1
"loc1655",0,0,0
"loc1656",0.25,0.1429,0.3
"loc1657",0.75,0.4286,0.1
"loc1658",0.375,0.2857,0
"loc1659",0.125,0.2857,0.1
"loc1660",0.125,0.2857,0.1
"loc1661",0.125,0,0.2
"loc1662",0.125,0.2857,0.1
"loc1663",0.125,0.2857,0.1
"loc1664",0.125,0,0.1
"loc1665",0.125,0.2857,0.2
"loc1666",0.125,0.1429,0.1
"loc1667",0.125,0.1429,0.1
"loc1668",0.625,0.2857,0.4
"loc1669",0,0.1429,0.2
"loc1670",0.25,0,0.2
"loc1671",0.125,0,0.2
"loc1672",0,0.2857,0.3
"loc1673",0.75,0.2857,0.5
"loc1674",0.25,0.1429,0.1
"loc1675",0.125,0.2857,0.2
"loc1676",0.125,0,0.2
"loc1677",0.5,0.7143,0.4
"loc1678",0.125,0,0.1
"loc1679",0.25,0.1429,0.2
"loc1680",0,0.2857,0
"loc1681",0,0.7143,0.7
"loc1682",0.375,0.1429,0.3
"loc1683",0.375,0.7143,0.8
"loc1684",0.25,0.5714,0.7
"loc1685",0.5,0,0
"loc1686",0.625,0.1429,0.1
"loc1687",0,0.5714,0.6
"loc1688",0,0,0.6
"loc1689",0.25,0.4286,0.2
"loc1690",0.25,0.4286,0.2
"loc1691",0,0.1429,0.2
"loc1692",0.5,0.2857,0
"loc1693",0.25,0.5714,0.4
"loc1694",0.25,0.1429,0.8
"loc1695",0.25,0.1429,0.2
"loc1696",0.25,0.1429,0.3
"loc1697",0.25,0.1429,0.3
"loc1698",0.125,0,0.1
"loc1699",0.625,0.1429,0.7
"loc1700",0.25,0,0.1
"loc1701",0.125,0,0.1
"loc1702",0,0.2857,0
"loc1703",0.125,0.2857,0.1
"loc1704",0.125,0.2857,0.1
"loc1705",0.125,0.2857,0.1
"loc1706",0.125,0,0.2
"loc1707",0.25,0,0
"loc1708",0.25,0,0.1
"loc1709",0.25,0.1429,0.1
"loc1710",0.625,0.5714,0.3
"loc1711",0.25,0.1429,0.1
"loc1712",0.625,0.5714,0.3
"loc1713",0.125,0,0.1
"loc1714",0,0.1429,0.2
"loc1715",0.125,0,0.1
"loc1716",0.5,0.4286,0.2
"loc1717",0.75,0.2857,0.3
"loc1718",0,0.2857,0
"loc1719",0.375,0,0
"loc1720",0,0.2857,0.3
"loc1721",0.5,0.1429,0.3
"loc1722",0.5,0.1429,0.3
"loc1723",0.5,0.1429,0.2
"loc1724",0.625,0.1429,0
"loc1725",0.375,0.4286,0
"loc1726",0.5,0.2857,0.3
"loc1727",0.375,0.5714,0.6
"loc1728",0,0.2857,0
"loc1729",0,0.4286,0.1
"loc1730",0.125,0,0.2
"loc1731",0,0,0.2
"loc1732",0.125,0,0.2
"loc1733",0,0,0.2
"loc1734",0,0,0.2
"loc1735",0,0,0.2
"loc1736",0,0,0.2
"loc1737",0,0,0.3
"loc1738",0,0,0.2
"loc1739",0.5,0.2857,0.6
"loc1740",0.875,0.2857,0.3
"loc1741",0,0.2857,0.4
"loc1742",0,0,0.2
"loc1743",0.75,0.4286,0.4
"loc1744",0.25,0,0.1
"loc1745",0,0.2857,0
"loc1746",0.25,0,0
"loc1747",0,0,0
"loc1748",0,0.1429,0.1
"loc1749",0.25,0,0.2
"loc1750",0.25,0,0
"loc1751",0,0,0
"loc1752",0.375,0.2857,0.5
"loc1753",0.25,0.1429,0.2
"loc1754",0,0.1429,0.1
"loc1755",0,0,0.2
"loc1756",0,0.5714,0.6
"loc1757",0,0.5714,0.6
"loc1758",0.25,0.1429,0.4
"loc1759",0,0.4286,0.6
"loc1760",0.25,0.5714,0.4
"loc1761",0.375,0.1429,0.2
"loc1762",0.125,0.2857,0.2
"loc1763",0.125,0.2857,0.2
"loc1764",0.25,0.1429,0.2
"loc1765",0,0,0.2
"loc1766",0.25,0.1429,0
"loc1767",0.375,0.4286,0.2
"loc1768",0,0.2857,0.4
"loc1769",0.5,0.5714,0.7
"loc1770",0.375,0.5714,0.1
"loc1771",0.125,0,0.1
"loc1772",0.5,0.7143,0.6
"loc1773",0.375,0.7143,0.7
"loc1774",0.125,0.1429,0.1
"loc1775",0.125,0.1429,0.1
"loc1776",0.25,0.2857,0.4
"loc1777",0,0.1429,0.3
"loc1778",0,0.1429,0.1
"loc1779",0,0.8571,0.5
"loc1780",0.25,0,0.2
"loc1781",0,0.8571,0.5
"loc1782",0,0.2857,0
"loc1783",0,0.8571,0.5
"loc1784",0.125,0.4286,0.3
"loc1785",0,0,0.3
"loc1786",0,0,0.3
"loc1787",0,0,0.3
"loc1788",0.25,0,0.4
"loc1789",0.25,0.1429,0
"loc1790",0.5,0.4286,0.5
"loc1791",0.625,0.5714,0.4
"loc1792",0.25,0.1429,0.2
"loc1793",0,0,0.2
"loc1794",0,0,0.3
"loc1795",0.125,0.1429,0
"loc1796",0,0,0.2
"loc1797",0.125,0.1429,0
"loc1798",0.25,0.5714,0.3
"loc1799",0.125,0.1429,0
"loc1800",0.5,0.5714,0.4
"loc1801",0.5,0.7143,0.4
"loc1802",0.25,0.5714,0.5
"loc1803",0.5,0.7143,0.4
"loc1804",0.125,0.1429,0
"loc1805",0.125,0,0.2
"loc1806",0.375,0.1429,0.3
"loc1807",0.125,0.1429,0
"loc1808",0.125,0.4286,0.4
"loc1809",0.5,0.5714,0.3
"loc1810",0.625,0.4286,0.3
"loc1811",0.375,0.2857,0.3
"loc1812",0.125,0.1429,0
"loc1813",0,0.5714,0.3
"loc1814",0.125,0.1429,0
"loc1815",0,0.5714,0.3
"loc1816",0.25,0,0
"loc1817",0,0.5714,0.3
"loc1818",0.25,0.1429,0.2
"loc1819",0.125,0.5714,0.3
"loc1820",0.125,0.5714,0.3
"loc1821",0,0,0.2
"loc1822",0,0,0.2
"loc1823",0,0,0.2
"loc1824",0.125,0.1429,0.1
"loc1825",0,0,0.2
"loc1826",0,0,0.2
"loc1827",0.25,0.5714,0.4
"loc1828",0.625,0.4286,0.3
"loc1829",0.625,0.4286,0.3
"loc1830",0.625,0.1429,0.3
"loc1831",0,0.1429,0.2
"loc1832",0.375,0.4286,0.5
"loc1833",0.375,0.4286,0.5
"loc1834",0,0.4286,0.1
"loc1835",0,0.4286,0.1
"loc1836",0,0.1429,0.1
"loc1837",0,0.1429,0.1
"loc1838",0.25,0.1429,0.2
"loc1839",0.125,0,0.3
"loc1840",0,0.1429,0.1
"loc1841",0.25,0,0.7
"loc1842",0,0,0.1
"loc1843",0,0,0
"loc1844",0.125,0,0.1
"loc1845",0.5,0.1429,0.4
"loc1846",0.25,0.1429,0.1
"loc1847",0.125,0.1429,0.2
"loc1848",0,0,0.2
"loc1849",0.125,0.1429,0.2
"loc1850",0.625,0.1429,0.7
"loc1851",0.125,0,0.2
"loc1852",0,0.1429,0.1
"loc1853",0.125,0.1429,0.1
"loc1854",0.375,0.1429,0.2
"loc1855",0.25,0.1429,0.1
"loc1856",0,0.1429,0.1
"loc1857",0.25,0,0
"loc1858",0.25,0,0
"loc1859",0.125,0,0.3
"loc1860",0.25,0.4286,0.3
"loc1861",0.625,0.5714,0.3
"loc1862",0,0,0
"loc1863",1,0.2857,0.5
"loc1864",0,0.4286,0.1
"loc1865",0,0,0.2
"loc1866",0.125,0.4286,0
"loc1867",0.5,0.4286,0.2
"loc1868",0.25,0.1429,0.3
"loc1869",0,0,0.3
"loc1870",0,0.1429,0.5
"loc1871",0.25,0.2857,0.4
"loc1872",0.125,0.4286,0.4
"loc1873",0.25,0.1429,0.2
"loc1874",0.5,0.1429,0.2
"loc1875",0.125,0.1429,0
"loc1876",0.125,0,0.1
"loc1877",0.25,0.5714,0.5
"loc1878",0.5,0,0.3
"loc1879",0,0,0.2
"loc1880",0.25,0.4286,0.5
"loc1881",0.375,0.2857,0.4
"loc1882",0.25,0.2857,0.1
"loc1883",0,0.4286,0.6
"loc1884",0,0.7143,0.6
"loc1885",0,0.4286,0
"loc1886",0.125,0.1429,0
"loc1887",0,0.1429,0.2
"loc1888",0.25,0.2857,0.2
"loc1889",0.125,0.1429,0
"loc1890",0.125,0.1429,0
"loc1891",0.125,0.1429,0
"loc1892",0.125,0.1429,0
"loc1893",0,0.2857,0.1
"loc1894",0.625,0.1429,0.3
"loc1895",0,0.1429,0.3
"loc1896",0,0.1429,0.3
"loc1897",0,0.1429,0.3
"loc1898",0.5,0,0.1
"loc1899",0.25,0.1429,0.1
"loc1900",0.125,0.1429,0
"loc1901",0,0.1429,0
"loc1902",0.25,0.4286,0.2
"loc1903",0.375,0.4286,0.3
"loc1904",0,0,0.2
"loc1905",0.25,0,0.2
"loc1906",0.875,0.1429,0.2
"loc1907",0.375,0.4286,0.2
"loc1908",0.5,0.7143,0.4
"loc1909",0.25,0.8571,0.5
"loc1910",0.625,0.4286,0.5
"loc1911",0.375,0,0.1
"loc1912",0,0,0.1
"loc1913",0,0,0.1
"loc1914",0,0.2857,0.2
"loc1915",0.5,0.5714,0.4
"loc1916",0.25,0.1429,0
"loc1917",0,0.1429,0
"loc1918",0.625,0.2857,0.7
"loc1919",0.125,0.1429,0.1
"loc1920",0.125,0.2857,0
"loc1921",0.25,0,0.1
"loc1922",0.125,0.1429,0
"loc1923",0,0,0.3
"loc1924",0,0.2857,0
"loc1925",0.375,0.8571,0.7
"loc1926",0.125,0.4286,0.3
"loc1927",0,0.5714,0.4
"loc1928",0.125,0,0.1
"loc1929",0.125,0,0.1
"loc1930",0,0.2857,0.3
"loc1931",0.125,0.4286,0.1
"loc1932",0.125,0.5714,0.2
"loc1933",0,0.1429,0.2
"loc1934",0,0.1429,0.2
"loc1935",0,0.1429,0.2
"loc1936",0,0.1429,0.2
"loc1937",0,0.1429,0.1
"loc1938",0,0.2857,0.1
"loc1939",0.25,0.1429,0
"loc1940",0,0.2857,0.2
"loc1941",0.375,0.1429,0.3
"loc1942",0,0.1429,0
"loc1943",0.25,0.2857,0
"loc1944",0.125,0.1429,0.1
"loc1945",0.125,0.1429,0.1
"loc1946",0,0.2857,0.1
"loc1947",0.5,0.1429,0.2
"loc1948",0.125,0.1429,0
"loc1949",0,0.1429,0.1
"loc1950",0,0.2857,0.1
"loc1951",0.125,0.2857,0.1
"loc1952",0.125,0.2857,0.1
"loc1953",0.125,0.2857,0.1
"loc1954",0.125,0.2857,0.1
"loc1955",0.125,0.2857,0.1
"loc1956",0.125,0.2857,0.1
"loc1957",0.125,0.2857,0.1
"loc1958",0.125,0.2857,0.1
"loc1959",0,0.2857,0.1
"loc1960",0.5,0.1429,0.5
"loc1961",0.25,0.2857,0
"loc1962",0.25,0,0
"loc1963",0.125,0.1429,0
"loc1964",0.375,0.7143,0.4
"loc1965",0,0.1429,0.1
"loc1966",0.125,0.1429,0.3
"loc1967",0.25,0.1429,0.1
"loc1968",0.125,0.2857,0.3
"loc1969",0,0.5714,0.6
"loc1970",0.625,0.5714,0.4
"loc1971",0.5,0.2857,0.6
"loc1972",0,0.1429,0.1
"loc1973",0,0.2857,0
"loc1974",0,0.1429,0.1
"loc1975",0,0.1429,0.3
"loc1976",0.75,0.1429,0.2
"loc1977",0,0.4286,0.3
"loc1978",0.125,0.1429,0
"loc1979",0.25,0.2857,0.4
"loc1980",0.125,0,0.1
"loc1981",0.25,0.2857,0
"loc1982",0,0.2857,0
"loc1983",0.125,0.1429,0.1
"loc1984",0.375,0,0
"loc1985",0,0.1429,0.3
"loc1986",0,0.1429,0.1
"loc1987",0,0.1429,0.1
"loc1988",0,0.1429,0.1
"loc1989",0.125,0,0.1
"loc1990",0.125,0,0.1
"loc1991",0.375,0.1429,0.1
"loc1992",0.125,0,0.2
"loc1993",0,0.1429,0.1
"loc1994",0.25,0.1429,0
"loc1995",0.25,0.2857,0.2
"loc1996",0,0,0.2
"loc1997",0,0,0
"loc1998",0,0.1429,0.1
"loc1999",0.25,0.1429,0
"loc2000",0.5,0,0
"loc2001",0.25,0.4286,0.6
"loc2002",0.25,0,0
"loc2003",0.125,0,0.1
"loc2004",0.125,0,0.1
"loc2005",0.125,0,0.1
"loc2006",0,0,0.2
"loc2007",0.25,0.2857,0.3
"loc2008",0.375,0.4286,0.4
"loc2009",0.25,0.1429,0.2
"loc2010",0,0,0.2
"loc2011",0,0,0.2
"loc2012",0,0,0.2
"loc2013",0,0,0.2
"loc2014",0,0,0.2
"loc2015",0,0,0.2
"loc2016",0,0,0.2
"loc2017",0,0,0.2
"loc2018",0,0,0.2
"loc2019",0,0,0.2
"loc2020",0.125,0.2857,0
"loc2021",0.125,0.7143,0.1
"loc2022",0.125,0,0
"loc2023",0.25,0.1429,0.2
"loc2024",0.125,0.5714,0.6
"loc2025",0.125,0.1429,0.1
"loc2026",0.125,0.1429,0.1
"loc2027",0.125,0,0.1
"loc2028",0.125,0,0.1
"loc2029",0.125,0.1429,0
"loc2030",0.125,0.1429,0.5
"loc2031",0.25,0.5714,0.4
"loc2032",0,0,0.2
"loc2033",0.125,0.2857,0.3
"loc2034",0,0.2857,0
"loc2035",0.25,0,0.2
"loc2036",0.375,0.4286,0.4
"loc2037",0.125,0,0.1
"loc2038",0.375,0.4286,0.6
"loc2039",0.25,0.2857,0.3
"loc2040",0.25,0,0.1
"loc2041",0.375,0.1429,0.7
"loc2042",0.5,0,0.4
"loc2043",0.375,0.2857,0.5
"loc2044",0,0.4286,0.3
"loc2045",0,0.2857,0.2
"loc2046",0,0.1429,0
"loc2047",0.5,0.4286,0.5
"loc2048",0,0.4286,0.1
"loc2049",0,0.4286,0.1
"loc2050",0.375,0.2857,0.1
"loc2051",0.125,0,0.1
"loc2052",0.125,0,0.3
"loc2053",0,0.2857,0
"loc2054",0.25,0.5714,0.4
"loc2055",0.5,0.7143,0.4
"loc2056",0.5,0.7143,0.3
"loc2057",0.375,0.7143,0.3
"loc2058",0,0.1429,0.1
"loc2059",0.375,0.7143,0.3
"loc2060",0.375,0.5714,0.2
"loc2061",0.25,0.1429,0.1
"loc2062",0,0,0.2
"loc2063",0.125,0.1429,0.1
"loc2064",0,0,0.3
"loc2065",0.25,0.1429,0.1
"loc2066",0,0.1429,0.1
"loc2067",0.5,0.2857,0.2
"loc2068",0,0,0.2
"loc2069",0.25,0.1429,0
"loc2070",0.125,0.7143,0.5
"loc2071",0,0.1429,0.1
"loc2072",0,0.1429,0.1
"loc2073",0.25,0,0.2
"loc2074",0.25,0,0.3
"loc2075",0.25,0,0.3
"loc2076",0.125,0,0.4
"loc2077",0.25,0.1429,0.1
"loc2078",0.125,0,0.2
"loc2079",0.25,0.1429,0
"loc2080",0,0,0
"loc2081",0,0,0
"loc2082",0.375,0.2857,0.4
"loc2083",0.25,0.1429,0.1
"loc2084",0.25,0.5714,0.5
"loc2085",0.25,0.1429,0.3
"loc2086",0,0.2857,0
"loc2087",0.625,0.4286,0.6
"loc2088",0.875,0.5714,0.9
"loc2089",0.875,0.5714,0.9
"loc2090",0.625,0.2857,0.9
"loc2091",0.625,0.4286,0.3
"loc2092",0,0.2857,0
"loc2093",0.875,0.5714,0.9
"loc2094",0,0.1429,0
"loc2095",0.5,0,0
"loc2096",0.625,0.5714,0.4
"loc2097",0,0.5714,0.8
"loc2098",0,0.5714,0.8
"loc2099",0,0.5714,0.7
"loc2100",0.625,0,0
"loc2101",0.25,0,0.1
"loc2102",0.625,0.1429,0.2
"loc2103",0.125,0,0.1
"loc2104",0.25,0.1429,0.1
"loc2105",0.25,0.1429,0.5
"loc2106",0.5,0.4286,0.3
"loc2107",0.5,0.1429,0.1
"loc2108",0.125,0.1429,0.3
"loc2109",0.125,0.1429,0.3
"loc2110",0.125,0.1429,0.3
"loc2111",0.125,0.1429,0.3
"loc2112",0,0.2857,0.3
"loc2113",0.5,0.4286,0.3
"loc2114",0,0,0.1
"loc2115",0.25,0.2857,0.2
"loc2116",0.125,0.1429,0
"loc2117",0,0,0
"loc2118",0,0,0
"loc2119",0.25,0.4286,0.3
"loc2120",0.25,0.2857,0.1
"loc2121",0.5,0.4286,0.6
"loc2122",0.375,0.4286,0.2
"loc2123",0.5,0.4286,0.3
"loc2124",0.125,0.1429,0
"loc2125",0.25,0,0
"loc2126",0.375,0.2857,0.1
"loc2127",0.375,0.5714,0.1
"loc2128",0.25,0,0
"loc2129",0,0.2857,0.1
"loc2130",0,0,0.2
"loc2131",0.25,0.1429,0.1
"loc2132",0.125,0.4286,0.3
"loc2133",0,0.2857,0
"loc2134",0.625,0.2857,0.5
"loc2135",0.125,0.1429,0
"loc2136",0.375,0.2857,0.6
"loc2137",0.375,0.5714,0.1
"loc2138",0.25,0.2857,0.1
"loc2139",0.375,0.5714,0.2
"loc2140",0.25,0.7143,0.2
"loc2141",0,0,0.2
"loc2142",0.75,0.8571,0.6
"loc2143",0,0,0.2
"loc2144",0.25,0,0.1
"loc2145",0.25,0.2857,0.2
"loc2146",0.625,0.7143,0.4
"loc2147",0.375,0.1429,0.2
"loc2148",0,0.4286,0.2
"loc2149",0,0.1429,0.2
"loc2150",0.375,0.5714,0.2
"loc2151",0.25,0,0
"loc2152",0.25,0,0
"loc2153",0,0.2857,0
"loc2154",0.25,0,0
"loc2155",0.25,0,0.1
"loc2156",0.25,0.2857,0.4
"loc2157",0.125,0,0.1
"loc2158",0.25,0,0.2
"loc2159",0.375,0.4286,0.2
"loc2160",0.25,0,0
"loc2161",0.125,0.1429,0
"loc2162",0.125,0,0.1
"loc2163",0.5,0.4286,0.5
"loc2164",0.375,0.4286,0.2
"loc2165",0.375,0.4286,0.2
"loc2166",0,0,0
"loc2167",0,0,0
"loc2168",0,0,0
"loc2169",0.5,0.1429,0.4
"loc2170",0.25,0.1429,0.1
"loc2171",0.375,0,0
"loc2172",0.75,0.2857,0.4
"loc2173",0.125,0,0.1
"loc2174",0.25,0.1429,0.3
"loc2175",0.125,0.1429,0
"loc2176",0,0.2857,0
"loc2177",0,0,0.2
"loc2178",0.125,0,0
"loc2179",0.125,0.2857,0.4
"loc2180",0,0,0
"loc2181",0.375,0,0.2
"loc2182",0.75,0.2857,0.4
"loc2183",0.25,0.1429,0.1
"loc2184",0.25,0.1429,0.2
"loc2185",0.5,0.2857,0.5
"loc2186",0.625,0.1429,0.4
"loc2187",1,1,0.7
"loc2188",1,1,0.7
"loc2189",0.125,0.1429,0.2
"loc2190",0.75,0.7143,0.4
"loc2191",0.125,0.1429,0.2
"loc2192",0.25,0.2857,0.2
"loc2193",0,0,0
"loc2194",0.125,0,0.1
"loc2195",0.125,0,0.1
"loc2196",0,0,0.2
"loc2197",0,0.2857,0
"loc2198",0.125,0.1429,0.3
"loc2199",0.375,0.4286,0.4
"loc2200",0.5,0.2857,0.4
"loc2201",0.25,0,0
"loc2202",0,0.5714,0.1
"loc2203",0,0.4286,0
"loc2204",0.25,0.1429,0.2
"loc2205",0.375,0.2857,0.7
"loc2206",0.25,0.2857,0.4
"loc2207",0.125,0.1429,0.4
"loc2208",0.125,0,0.3
"loc2209",0,0.1429,0
"loc2210",0.75,0.4286,0.2
"loc2211",0.5,0.4286,0.1
"loc2212",0.125,0,0.1
"loc2213",0.125,0,0.1
"loc2214",0,0.1429,0
"loc2215",0,0,0.3
"loc2216",0.125,0.1429,0.2
"loc2217",0.125,0.1429,0.2
"loc2218",0.375,0.2857,0.4
"loc2219",0.125,0.2857,0.1
"loc2220",0.125,0.1429,0.2
"loc2221",0.125,0.7143,0.5
"loc2222",0.125,0.2857,0.2
"loc2223",0.125,0,0.1
"loc2224",0,0.2857,0.1
"loc2225",0,0.2857,0.1
"loc2226",0.125,0.2857,0.2
"loc2227",0,0.4286,0.2
"loc2228",0.125,0.2857,0.2
"loc2229",0,0,0.3
"loc2230",0.125,0.7143,0.5
"loc2231",0.125,0.2857,0.2
"loc2232",0,0,0.2
"loc2233",0.125,0.2857,0.1
"loc2234",0.125,0.5714,0.4
"loc2235",0,0.2857,0.1
"loc2236",0.375,0.4286,0.6
"loc2237",0.375,0.2857,0.6
"loc2238",0.25,0.1429,0.2
"loc2239",0.125,0.1429,0
"loc2240",0.25,0.1429,0.1
"loc2241",0,0.2857,0.1
"loc2242",0.125,0,0.1
"loc2243",0,0.1429,0.1
"loc2244",0.625,0.2857,0.1
"loc2245",0.5,0.2857,0.6
"loc2246",0.25,0.2857,0
"loc2247",0.125,0.1429,0.1
"loc2248",0.75,0.4286,0.4
"loc2249",0.5,0.4286,0.3
"loc2250",0,0,0.1
"loc2251",0.125,0.2857,0.2
"loc2252",0.25,0.1429,0.2
"loc2253",0.25,0,0.3
"loc2254",1,0.8571,0.8
"loc2255",0.625,0.7143,0.4
"loc2256",0.25,0.4286,0.2
"loc2257",0.375,0.5714,0.2
"loc2258",0.125,0.1429,0.1
"loc2259",0.375,0.1429,0.2
"loc2260",0,0.1429,0.2
"loc2261",0,0,0.2
"loc2262",0.25,0,0
"loc2263",0,0.2857,0.1
"loc2264",0.125,0.1429,0.1
"loc2265",0,0.1429,0
"loc2266",0.5,0.2857,0.4
"loc2267",0.125,0.2857,0.1
"loc2268",0.25,0,0
"loc2269",0.25,0,0
"loc2270",0.125,0,0.1
"loc2271",0,0.1429,0
"loc2272",0.375,0.1429,0.5
"loc2273",0.25,0,0.3
"loc2274",0.125,0.1429,0
"loc2275",0.125,0.1429,0.5
"loc2276",0.375,0.2857,0.6
"loc2277",0.25,0.2857,0.6
"loc2278",0.375,0.2857,0.6
"loc2279",0.25,0,0
"loc2280",0.125,0,0.1
"loc2281",0.125,0,0.2
"loc2282",1,1,0.9
"loc2283",0.625,0.4286,0.3
"loc2284",0.125,0,0.2
"loc2285",0.25,0.1429,0.1
"loc2286",0.5,0.4286,0.2
"loc2287",0.5,0.1429,0.2
"loc2288",0.125,0.2857,0.2
"loc2289",0.25,0.7143,0.4
"loc2290",0.125,0.7143,0.3
"loc2291",0.25,1,0.4
"loc2292",0.875,0.7143,0.9
"loc2293",0.25,1,0.3
"loc2294",0.25,1,0.4
"loc2295",0.875,1,0.9
"loc2296",0.875,0.2857,0.7
"loc2297",0.75,0.5714,0.7
"loc2298",0.75,0.5714,0.7
"loc2299",0.5,0.2857,0.5
"loc2300",0.25,0.7143,0.3
"loc2301",0.25,0.8571,0.4
"loc2302",0.125,0.7143,0.4
"loc2303",0.25,0.8571,0.4
"loc2304",0.25,0.8571,0.4
"loc2305",0.75,0.4286,0.7
"loc2306",0.125,0.7143,0.2
"loc2307",0.125,0.7143,0.2
"loc2308",0.25,0.8571,0.4
"loc2309",0.25,0.8571,0.4
"loc2310",0.5,0.5714,0
"loc2311",0.5,0.5714,0
"loc2312",0.5,0.5714,0
"loc2313",0.5,0.5714,0
"loc2314",0.125,0.1429,0.1
"loc2315",0,0.1429,0.2
"loc2316",0.125,0.5714,0.3
"loc2317",0.25,0.2857,0.5
"loc2318",0.5,0.2857,0.1
"loc2319",0,0.1429,0.1
"loc2320",0.125,0,0.1
"loc2321",0,0.1429,0
"loc2322",0,0.1429,0.3
"loc2323",0,0.1429,0.1
"loc2324",0.125,0.2857,0.5
"loc2325",0,0.2857,0.2
"loc2326",0,0,0
"loc2327",0,0,0
"loc2328",0.75,0.4286,0.3
"loc2329",0.125,0.1429,0
"loc2330",0,0,0.3
"loc2331",0,0.1429,0.2
"loc2332",0,0.2857,0.1
"loc2333",0.25,0,0.2
"loc2334",0,0.1429,0.1
"loc2335",0.5,0,0
"loc2336",0.375,0.1429,0.1
"loc2337",0,0.1429,0.1
"loc2338",0,0,0.1
"loc2339",0.375,0,0
"loc2340",0,0.7143,0.5
"loc2341",0.375,0,0
"loc2342",0,0.1429,0.1
"loc2343",0,0.7143,0.5
"loc2344",0,0.2857,0.2
"loc2345",0,0.2857,0.2
"loc2346",0,0.2857,0.2
"loc2347",0.125,0.2857,0.2
"loc2348",0.375,0.5714,0.2
"loc2349",0.125,0.2857,0
"loc2350",0.25,0.1429,0
"loc2351",0.5,0.2857,0.1
"loc2352",0.5,0.2857,0.1
"loc2353",0.25,0.1429,0.1
"loc2354",0.125,0.1429,0
"loc2355",0.75,0.2857,0.2
"loc2356",0.125,0.1429,0
"loc2357",0.125,0.1429,0
"loc2358",0.125,0.1429,0
"loc2359",0.125,0.1429,0
"loc2360",0.125,0.1429,0
"loc2361",0.125,0.1429,0.1
"loc2362",0.125,0.1429,0.1
"loc2363",0.125,0.1429,0.1
"loc2364",0,0,0.2
"loc2365",0,0,0.2
"loc2366",0,0,0.2
"loc2367",0.5,0.4286,0.2
"loc2368",0.25,0.1429,0.6
"loc2369",0.125,0.7143,0.2
"loc2370",0.125,0.7143,0.2
"loc2371",0.125,0.7143,0.2
"loc2372",0.125,0.7143,0.2
"loc2373",0.125,0.7143,0.3
"loc2374",0.125,0.7143,0.3
"loc2375",0.125,0.7143,0.3
"loc2376",0.125,0.7143,0.3
"loc2377",0.125,0.7143,0.3
"loc2378",0.125,0.7143,0.3
"loc2379",0.125,0.7143,0.3
"loc2380",0.125,0.7143,0.3
"loc2381",0.125,0.7143,0.3
"loc2382",0.125,0.7143,0.3
"loc2383",0.125,0.4286,0.2
"loc2384",0.5,0.5714,0.6
"loc2385",0,0.2857,0.1
"loc2386",0,0.2857,0.1
"loc2387",0,0.1429,0.1
"loc2388",0,0.1429,0.2
"loc2389",0,0.1429,0.3
"loc2390",0,0.1429,0.2
"loc2391",0,0.1429,0.2
"loc2392",0,0.1429,0.2
"loc2393",0,0.2857,0.2
"loc2394",0,0.2857,0.2
"loc2395",0,0.4286,0.2
"loc2396",0,0.4286,0.2
"loc2397",0,0.4286,0.2
"loc2398",0,0.4286,0.2
"loc2399",0,0.4286,0.2
"loc2400",0,0.4286,0.2
"loc2401",0,0.2857,0.2
"loc2402",0,0.2857,0.2
"loc2403",0,0.4286,0.2
"loc2404",0,0.4286,0.2
"loc2405",0,0.4286,0.2
"loc2406",0.125,0.5714,0.2
"loc2407",0,0.4286,0.2
"loc2408",0.125,0.5714,0.2
"loc2409",0.125,0.5714,0.2
"loc2410",0.125,0.5714,0.2
"loc2411",0.125,0.5714,0.2
"loc2412",0.125,0.5714,0.2
"loc2413",0.125,0.5714,0.2
"loc2414",0,0,0.1
"loc2415",0.25,0.1429,0.2
"loc2416",0.25,0,0
"loc2417",0,0,0
"loc2418",0.625,0.4286,0.8
"loc2419",0,0,0.3
"loc2420",0.375,0.2857,0.7
"loc2421",0.125,0.1429,0.2
"loc2422",0.375,0.2857,0.4
"loc2423",0.125,0,0.2
"loc2424",0.375,0,0
"loc2425",0,0.2857,0.1
"loc2426",0,0.2857,0
"loc2427",0.75,0.5714,0.4
"loc2428",0.125,0,0.1
"loc2429",0,0.2857,0
"loc2430",0,0,0.2
"loc2431",0.125,0,0.1
"loc2432",0.5,0.1429,0.1
"loc2433",0.125,0.2857,0.1
"loc2434",0.375,0.5714,0
"loc2435",0.125,0,0.1
"loc2436",0.125,0.1429,0.1
"loc2437",0,0.1429,0
"loc2438",0,0.1429,0.2
"loc2439",0.125,0.1429,0
"loc2440",0.375,0.2857,0.3
"loc2441",0.25,0,0.6
"loc2442",0.375,0.1429,0.3
"loc2443",0.125,0.1429,0
"loc2444",0,0.1429,0.6
"loc2445",0.375,0.5714,0.6
"loc2446",0.25,0.2857,0.8
"loc2447",0,0,0.2
"loc2448",0,0,0.2
"loc2449",0.125,0.2857,0.1
"loc2450",0,0,0.2
"loc2451",0.125,0,0.2
"loc2452",0.25,0.1429,0.5
"loc2453",0.375,0.4286,0.1
"loc2454",0,0,0.3
"loc2455",0.875,0.8571,0.5
"loc2456",0.875,1,0.8
"loc2457",1,1,0.9
"loc2458",1,0.8571,0.6
"loc2459",1,0.8571,1
"loc2460",0.875,1,1
"loc2461",0.875,1,1
"loc2462",1,1,1
"loc2463",0,0.1429,0.3
"loc2464",0,0.5714,0.1
"loc2465",0.625,0.4286,0.6
"loc2466",0.75,1,0.8
"loc2467",1,1,1
"loc2468",0,0,0.3
"loc2469",0.125,0,0.2
"loc2470",1,1,1
"loc2471",1,1,1
"loc2472",1,0.8571,1
"loc2473",1,0.8571,1
"loc2474",0.625,0.7143,0.9
"loc2475",0.5,0.8571,0.8
"loc2476",0.875,1,0.5
"loc2477",0.875,1,0.5
"loc2478",0.875,1,0.7
"loc2479",0.5,0.2857,0.1
"loc2480",0.125,0.1429,0.1
"loc2481",0.625,0.5714,0.6
"loc2482",0.125,0,0.2
"loc2483",0.125,0,0.2
"loc2484",0.125,0,0.2
"loc2485",0.125,0,0.2
"loc2486",0.125,0,0.2
"loc2487",0.125,0,0.1
"loc2488",0.125,0,0.1
"loc2489",0.125,0,0.2
"loc2490",0.125,0,0.2
"loc2491",0.125,0,0.2
"loc2492",0.25,0.1429,0.4
"loc2493",0.875,0.8571,1
"loc2494",1,1,1
"loc2495",0.125,0.1429,0.1
"loc2496",1,1,1
"loc2497",0.5,0.8571,0.6
"loc2498",1,0.8571,0.7
"loc2499",1,1,1
"loc2500",1,1,1
"loc2501",1,1,1
"loc2502",1,1,1
"loc2503",0.5,0.7143,0.4
"loc2504",0.125,0,0.2
"loc2505",0.125,0.4286,0.2
"loc2506",0.375,0.2857,0.6
"loc2507",0.125,0.5714,0.2
"loc2508",0.125,0.5714,0.2
"loc2509",0,0,0.2
"loc2510",0.125,0.7143,0.3
"loc2511",0.125,0.7143,0.2
"loc2512",0.125,0.7143,0.2
"loc2513",0.125,0.7143,0.2
"loc2514",0.125,0.7143,0.2
"loc2515",1,1,1
"loc2516",0.875,1,0.8
"loc2517",0.375,0.4286,0.2
"loc2518",0.625,0.5714,0.5
"loc2519",0.125,0.1429,0
"loc2520",0.625,0.5714,0.4
"loc2521",0.375,0.4286,0.2
"loc2522",0.125,0.1429,0
"loc2523",0.625,0.5714,0.4
"loc2524",0,0,0.4
"loc2525",0.25,0,0
"loc2526",0.5,0.4286,0.4
"loc2527",0.5,0.5714,0.3
"loc2528",0.5,0.4286,0.4
"loc2529",0.75,0.7143,0.5
"loc2530",0.5,0.2857,0.2
"loc2531",0.875,0.8571,0.5
"loc2532",1,1,1
"loc2533",0.625,0.5714,0.4
"loc2534",0,0.2857,0.1
"loc2535",0.375,0.4286,0.2
"loc2536",0.5,0.7143,0.7
"loc2537",0.375,0.4286,0.2
"loc2538",0.5,0.5714,0.3
"loc2539",0,0.1429,0.2
"loc2540",0,0.1429,0.1
"loc2541",0.125,0.1429,0
"loc2542",0,0.5714,0.5
"loc2543",0,0.5714,0.5
"loc2544",0,0.5714,0.5
"loc2545",0.125,0,0.1
"loc2546",0.5,0.1429,0.5
"loc2547",0.375,0.1429,0.7
"loc2548",0.375,0.1429,0.5
"loc2549",0.5,0.1429,0.4
"loc2550",0,0.4286,0
"loc2551",0,0.1429,0.2
"loc2552",0.125,0.1429,0.1
"loc2553",0,0.1429,0.1
"loc2554",0.25,0.1429,0.1
"loc2555",0.25,0.1429,0.1
"loc2556",0,0.1429,0.1
"loc2557",0,0.1429,0
"loc2558",0.125,0.2857,0.4
"loc2559",0.125,0.1429,0.1
"loc2560",0.125,0.2857,0.3
"loc2561",0.375,0.1429,0.1
"loc2562",0,0,0.2
"loc2563",0.25,0.4286,0.3
"loc2564",0.125,0,0.1
"loc2565",0.25,0.1429,0
"loc2566",0.25,0.1429,0
"loc2567",0.125,0.2857,0.3
"loc2568",0.75,0.1429,0.3
"loc2569",0,0.1429,0
"loc2570",0,0.2857,0.1
"loc2571",0.5,0.2857,0.4
"loc2572",0.25,0.2857,0.5
"loc2573",0.25,0,0.1
"loc2574",0,0.1429,0.1
"loc2575",0.375,0,0.2
"loc2576",0,0,0.2
"loc2577",0.25,0.1429,0.2
"loc2578",0,0.2857,0.1
"loc2579",0.625,0.4286,0.5
"loc2580",0,0,0.2
"loc2581",0.375,0.5714,0.3
"loc2582",0.375,0.5714,0.3
"loc2583",0,0,0.2
"loc2584",0.375,0.1429,0
"loc2585",0.125,0.2857,0.4
"loc2586",0,0.1429,0.4
"loc2587",0.125,0.1429,0
"loc2588",0.5,0.4286,0.4
"loc2589",0.25,0.4286,0.4
"loc2590",0.625,0,0.1
"loc2591",0.25,0.4286,0.4
"loc2592",0,0.2857,0
"loc2593",0,0.1429,0.1
"loc2594",0.375,0.2857,0.2
"loc2595",0,0.2857,0.3
"loc2596",0,0.2857,0.5
"loc2597",0.375,0.2857,0.5
"loc2598",0,0.1429,0.5
"loc2599",0.5,0.2857,0.1
"loc2600",0.875,0.7143,0.8
"loc2601",0.875,0.7143,0.8
"loc2602",0.875,0.7143,0.6
"loc2603",0.625,0.7143,0.5
"loc2604",0.875,0.7143,0.2
"loc2605",0,0.1429,0.1
"loc2606",0.125,0.1429,0
"loc2607",1,1,0.7
"loc2608",1,1,0.8
"loc2609",0.75,0.4286,0.7
"loc2610",0.75,0.4286,0.7
"loc2611",0.625,0.4286,0.1
"loc2612",1,0.5714,0.4
"loc2613",0.5,0.4286,0.4
"loc2614",0.125,0,0.3
"loc2615",0.125,0,0.2
"loc2616",0.125,0,0.1
"loc2617",0.125,0.1429,0.1
"loc2618",0.125,0,0.2
"loc2619",0,0.1429,0.2
"loc2620",0.5,0,0
"loc2621",0,0.1429,0.2
"loc2622",0,0.2857,0.1
"loc2623",0.375,0.1429,0.5
"loc2624",0.625,0,0.5
"loc2625",0.125,0.2857,0
"loc2626",0.25,0,0.1
"loc2627",0.125,0.1429,0
"loc2628",0,0.1429,0.3
"loc2629",0.25,0,0.3
"loc2630",0.375,0,0
"loc2631",0,0.1429,0.2
"loc2632",0.25,0,0.3
"loc2633",0.125,0.1429,0.2
"loc2634",0,0.1429,0.1
"loc2635",0,0.1429,0.1
"loc2636",0.125,0.1429,0.1
"loc2637",0.125,0.1429,0.1
"loc2638",0.375,0.2857,0.5
"loc2639",0.5,0.1429,0.3
"loc2640",0.125,0.1429,0
"loc2641",0.125,0.1429,0
"loc2642",0.5,0.1429,0.7
"loc2643",0,0.1429,0.4
"loc2644",0,0,0.2
"loc2645",0.125,0,0.2
"loc2646",0.125,0,0.1
"loc2647",0.125,0,0.1
"loc2648",0,0,0.2
"loc2649",0,0.1429,0.3
"loc2650",0,0.1429,0.3
"loc2651",0.125,0,0.1
"loc2652",0.25,0.2857,0.5
"loc2653",0,0.2857,0.1
"loc2654",0,0,0.2
"loc2655",0,0.2857,0.1
"loc2656",0.375,0,0.1
"loc2657",0.25,0,0
"loc2658",0.375,0,0
"loc2659",0.125,0.7143,0.5
"loc2660",0.375,0.7143,0.3
"loc2661",0,0,0
"loc2662",0.375,0.5714,0.3
"loc2663",0.125,0.2857,0.5
"loc2664",0.25,0,0.1
"loc2665",0.25,0.2857,0.6
"loc2666",0.125,0.2857,0.5
"loc2667",0.125,0.2857,0.3
"loc2668",0,0.2857,0.3
"loc2669",0.25,0.2857,0.5
"loc2670",0.125,0,0.3
"loc2671",0.125,0.1429,0.1
"loc2672",0,0.4286,0.4
"loc2673",0,0,0
"loc2674",0.5,0.4286,0.1
"loc2675",0.125,0.2857,0.2
"loc2676",0.125,0,0.1
"loc2677",0.125,0,0.3
"loc2678",0.125,0,0.3
"loc2679",0.25,0.8571,0.5
"loc2680",0.125,0.4286,0
"loc2681",0.125,0.1429,0
"loc2682",0.125,0.1429,0
"loc2683",0.25,0,0.3
"loc2684",0.25,0.7143,0.2
"loc2685",0.125,0,0.1
"loc2686",0.25,0.5714,0.7
"loc2687",0,0.1429,0.1
"loc2688",0.125,0,0.1
"loc2689",0.125,0,0.1
"loc2690",0.5,0.7143,0.4
"loc2691",0,0.1429,0.4
"loc2692",0.25,0.5714,0.4
"loc2693",0.25,0,0.1
"loc2694",0.125,0.4286,0.2
"loc2695",0.125,0.5714,0.3
"loc2696",0,0.1429,0.2
"loc2697",0.125,0.1429,0.1
"loc2698",0.25,0.4286,0.2
"loc2699",0.125,0.5714,0.4
"loc2700",0.25,0.2857,0.1
"loc2701",0.375,0.8571,0.7
"loc2702",0.5,0.5714,0.3
"loc2703",0.125,0.2857,0.5
"loc2704",0,0.1429,0.3
"loc2705",0,0.2857,0.1
"loc2706",0.625,0.4286,0.3
"loc2707",0.375,0.1429,0
"loc2708",0.25,0,0.1
"loc2709",0.125,0.2857,0.2
"loc2710",0,0,0.2
"loc2711",0.25,0.5714,0.4
"loc2712",0,0.1429,0.1
"loc2713",0,0.1429,0.1
"loc2714",0,0.1429,0.2
"loc2715",0,0,0.2
"loc2716",0,0,0.1
"loc2717",0,0,0.1
"loc2718",0,0.1429,0.1
"loc2719",0.125,0.2857,0
"loc2720",0.125,0.2857,0
"loc2721",0.125,0.2857,0
"loc2722",0.125,0.2857,0
"loc2723",0.125,0.2857,0
"loc2724",0.125,0.1429,0
"loc2725",0.25,0.1429,0.3
"loc2726",0.25,0,0
"loc2727",0,0.1429,0
"loc2728",0.25,0.4286,0.4
"loc2729",0.25,0.4286,0.2
"loc2730",0.25,0.4286,0.1
"loc2731",0.25,0,0.4
"loc2732",0.5,0.1429,0.4
"loc2733",0.125,0.1429,0.1
"loc2734",0.375,0.5714,0.3
"loc2735",0.125,0,0.1
"loc2736",0.5,0.5714,0.3
"loc2737",0.375,0.4286,0.2
"loc2738",0.625,0.2857,0.3
"loc2739",0.5,0.4286,0.2
"loc2740",0.375,0.1429,0.1
"loc2741",0.25,0.1429,0.2
"loc2742",0.25,0,0
"loc2743",0,0,0.2
"loc2744",0.125,0.1429,0.1
"loc2745",0.5,0.5714,0.2
"loc2746",0.5,0.7143,0.3
"loc2747",0,0,0.2
"loc2748",0.125,0.1429,0.1
"loc2749",0.125,0,0.1
"loc2750",0.125,0,0.1
"loc2751",0.125,0,0.1
"loc2752",0.125,0,0.1
"loc2753",0.125,0,0.1
"loc2754",0.125,0,0.1
"loc2755",0.125,0,0.1
"loc2756",0.125,0,0.1
"loc2757",0.125,0,0.1
"loc2758",0.125,0,0.1
"loc2759",0.125,0,0.1
"loc2760",0.125,0,0.1
"loc2761",0.125,0,0.1
"loc2762",0.125,0,0.1
"loc2763",0.125,0,0.1
"loc2764",0,0.1429,0.2
"loc2765",0,0.1429,0.2
"loc2766",0,0.1429,0.2
"loc2767",0,0.1429,0.2
"loc2768",0,0.1429,0.2
"loc2769",0,0.1429,0.2
"loc2770",0,0.2857,0.2
"loc2771",0.5,0.5714,0.3
"loc2772",0,0.2857,0.2
"loc2773",0,0.1429,0.2
"loc2774",0,0.2857,0.2
"loc2775",0,0.2857,0.2
"loc2776",0,0.1429,0.2
"loc2777",0,0.1429,0.2
"loc2778",0.875,0.4286,0.4
"loc2779",0,0.2857,0.1
"loc2780",0.625,0.1429,0.3
"loc2781",0,0.1429,0.1
"loc2782",0,0.1429,0
"loc2783",0.125,0.1429,0.1
"loc2784",0,0,0.1
"loc2785",0,0.1429,0
"loc2786",0.125,0.2857,0.2
"loc2787",0.125,0.2857,0.2
"loc2788",0,0.2857,0
"loc2789",0.75,0.4286,0.3
"loc2790",0,0.2857,0.2
"loc2791",0,0.1429,0.1
"loc2792",0.75,0.5714,0.7
"loc2793",1,0.8571,0.7
"loc2794",0.125,0.5714,0.2
"loc2795",1,0.8571,0.8
"loc2796",0,0,0.3
"loc2797",0,0.1429,0.1
"loc2798",0,0.1429,0.1
"loc2799",0.125,0.1429,0.2
"loc2800",0.75,0.7143,0.3
"loc2801",0,0.1429,0.2
"loc2802",0.25,0,0.2
"loc2803",0.5,0.2857,0.4
"loc2804",0,0.2857,0
"loc2805",0.5,0.5714,0.6
"loc2806",0,0.2857,0.1
"loc2807",0.5,0,0
"loc2808",0,0.1429,0.2
"loc2809",0.625,0.5714,0.1
"loc2810",0.375,0.1429,0.3
"loc2811",0.125,0.5714,0.1
"loc2812",0.125,0.4286,0.1
"loc2813",0.125,0.4286,0.1
"loc2814",0.125,0.4286,0.1
"loc2815",0.125,0.5714,0.1
"loc2816",0,0.4286,0.2
"loc2817",0.125,0.5714,0.1
"loc2818",0.125,0.5714,0.1
"loc2819",0,0.1429,0.2
"loc2820",0,0.1429,0.3
"loc2821",0,0.5714,0.6
"loc2822",0,0.5714,0.6
"loc2823",0.375,0,0.1
"loc2824",0,0.5714,0.5
"loc2825",0,0.5714,0.5
"loc2826",0,0.5714,0.5
"loc2827",0,0.5714,0.5
"loc2828",0.625,0.2857,0.2
"loc2829",0.625,0.7143,0.3
"loc2830",0.25,0.1429,0.2
"loc2831",0.125,0.1429,0
"loc2832",0.375,0.4286,0.3
"loc2833",0.25,0,0
"loc2834",0.25,0,0
"loc2835",0.25,0,0
"loc2836",0.125,0.1429,0.1
"loc2837",0.25,0,0.2
"loc2838",0.375,0.2857,0.3
"loc2839",0.125,0.1429,0
"loc2840",0.25,0.2857,0.5
"loc2841",0.125,0,0.2
"loc2842",0.125,0,0.2
"loc2843",0.125,0,0.2
"loc2844",0.125,0,0.2
"loc2845",0,0.1429,0.2
"loc2846",0.875,0.4286,0.5
"loc2847",0.125,0,0.1
"loc2848",0.375,0,0.1
"loc2849",0.375,0.1429,0
"loc2850",0.25,0,0
"loc2851",0.5,0.5714,0.5
"loc2852",0,0.1429,0.1
"loc2853",0,0,0.2
"loc2854",0.375,0.4286,0.4
"loc2855",0.25,0.2857,0.2
"loc2856",0.125,0,0.4
"loc2857",0.375,0.5714,0.4
"loc2858",0,0,0.2
"loc2859",0.125,0.1429,0.2
"loc2860",0.125,0,0.1
"loc2861",0.5,0,0.1
"loc2862",0.25,0.2857,0.2
"loc2863",0.375,0.4286,0.5
"loc2864",0.375,0.4286,0.1
"loc2865",0.625,0.1429,0.3
"loc2866",0.375,0.2857,0.3
"loc2867",0.375,0.5714,0.6
"loc2868",0.625,0.4286,0.4
"loc2869",0.625,0.4286,0.3
"loc2870",0.5,0.2857,0.4
"loc2871",0.125,0,0
"loc2872",0.375,0.2857,0.4
"loc2873",0.25,0.2857,0.5
"loc2874",0.875,0.4286,0.6
"loc2875",0.875,0.4286,0.6
"loc2876",0.25,0.1429,0.1
"loc2877",0,0.2857,0
"loc2878",0,0.1429,0.3
"loc2879",0.125,0.2857,0
"loc2880",0.25,0.1429,0.6
"loc2881",0.5,0.1429,0.3
"loc2882",0.875,1,0.9
"loc2883",0.125,0.2857,0.1
"loc2884",0.875,0.8571,0.8
"loc2885",1,1,0.9
"loc2886",1,0.8571,0.9
"loc2887",0.25,0.2857,0.1
"loc2888",1,0.8571,0.9
"loc2889",0.875,0.7143,0.5
"loc2890",1,1,1
"loc2891",0.625,0.4286,0.6
"loc2892",0.75,0.4286,0.3
"loc2893",0,0,0.2
"loc2894",0.375,0.7143,0.6
"loc2895",0.125,0.2857,0
"loc2896",0.125,0.1429,0
"loc2897",0.25,0,0
"loc2898",0.25,0,0
"loc2899",0,0.2857,0.2
"loc2900",0.25,0,0.1
"loc2901",0,0.1429,0.1
"loc2902",0,0,0.2
"loc2903",0.375,0,0.4
"loc2904",0.375,0,0.2
"loc2905",0.375,0.2857,0.1
"loc2906",0.125,0.1429,0.2
"loc2907",0.375,0.1429,0.4
"loc2908",0.25,0.2857,0.4
"loc2909",0.125,0,0.2
"loc2910",0.375,0.5714,0.3
"loc2911",0.375,0.5714,0.7
"loc2912",0,0.1429,0.2
"loc2913",0.125,0,0.2
"loc2914",0.125,0,0.2
"loc2915",0.125,0,0.2
"loc2916",0.125,0,0.2
"loc2917",0.125,0,0.2
"loc2918",0.125,0,0.2
"loc2919",0.125,0,0.2
"loc2920",0.125,0,0.2
"loc2921",0.125,0,0.2
"loc2922",0.125,0.1429,0.2
"loc2923",0.125,0.1429,0.2
"loc2924",0.125,0,0.1
"loc2925",0.125,0,0.1
"loc2926",0.125,0,0.1
"loc2927",0.125,0,0.1
"loc2928",0,0,0.2
"loc2929",0.125,0,0.2
"loc2930",0.125,0.1429,0.3
"loc2931",0.125,0,0.3
"loc2932",0.375,0.2857,0.2
"loc2933",0,0.2857,0.3
"loc2934",0.625,0.4286,0.5
"loc2935",0,0.4286,0.3
"loc2936",0.875,0.8571,0.7
"loc2937",0.125,0.1429,0.1
"loc2938",0.125,0,0.2
"loc2939",0,0.1429,0
"loc2940",0.125,0.2857,0
"loc2941",0,0,0
"loc2942",0,0,0.5
"loc2943",0.25,0,0.3
"loc2944",0,0,0.2
"loc2945",0.125,0,0.2
"loc2946",0.125,0,0.2
"loc2947",0.375,0.1429,0.3
"loc2948",0.125,0,0.1
"loc2949",0.25,0.2857,0.1
"loc2950",0.375,0,0
"loc2951",0.25,0,0.2
"loc2952",0.375,0.2857,0.6
"loc2953",0,0,0.3
"loc2954",0.125,0.2857,0.2
"loc2955",0.125,0.1429,0.3
"loc2956",0,0,0.2
"loc2957",0.375,0.4286,0.2
"loc2958",0,0.2857,0.1
"loc2959",0.5,0.8571,0.6
"loc2960",0.625,0.2857,0.5
"loc2961",0.125,0.4286,0.7
"loc2962",0.25,0.4286,0.2
"loc2963",0.5,0.2857,0.5
"loc2964",0.5,0.4286,0.5
"loc2965",0.5,0.2857,0.4
"loc2966",0.125,0,0.3
"loc2967",0,0.1429,0.1
"loc2968",0.25,0,0
"loc2969",0.625,0.1429,0.4
"loc2970",0,0.1429,0.3
"loc2971",0,0.2857,0.5
"loc2972",0.25,0.1429,0.3
"loc2973",0,0.1429,0.4
"loc2974",0,0.1429,0.1
"loc2975",0.375,0.2857,0.5
"loc2976",0.375,0.4286,0.4
"loc2977",0.375,0.5714,0.4
"loc2978",0.25,0,0.1
"loc2979",0,0,0.3
"loc2980",0.25,0.1429,0.2
"loc2981",0.625,0.2857,0.5
"loc2982",0.5,0.2857,0.5
"loc2983",0.125,0,0.3
"loc2984",0.125,0,0
"loc2985",0.5,0.4286,0.1
"loc2986",0,0,0.3
"loc2987",0.125,0.2857,0.4
"loc2988",0,0.4286,0.2
"loc2989",0.5,0.2857,0.3
"loc2990",0,0,0.3
"loc2991",0.25,0,0.5
"loc2992",0.25,0,0
"loc2993",0.5,0,0.5
"loc2994",0.375,0.2857,0.3
"loc2995",0.25,0,0
"loc2996",0.25,0,0.5
"loc2997",0.25,0.2857,0.4
"loc2998",0.625,0.1429,0.8
"loc2999",0.25,0.2857,0.3
"loc3000",0.25,0.2857,0.4
"loc3001",0,0.1429,0.1
"loc3002",0.25,0,0
"loc3003",0,0.1429,0.1
"loc3004",0.125,0,0.1
"loc3005",0.5,0.1429,0.3
"loc3006",0.5,0.2857,0.2
"loc3007",0.5,0.2857,0.3
"loc3008",0.5,0.2857,0.3
"loc3009",0.5,0.2857,0.4
"loc3010",0,0.2857,0.6
"loc3011",0,0.2857,0.6
"loc3012",0.125,0.2857,0
"loc3013",0,0.4286,0.1
"loc3014",0.25,0.4286,0.1
"loc3015",0.125,0.2857,0.5
"loc3016",0.25,0.1429,0.2
"loc3017",0.25,0.1429,0.2
"loc3018",0,0.2857,0
"loc3019",0.125,0,0
"loc3020",0.25,0.1429,0.2
"loc3021",0,0.1429,0.2
"loc3022",0,0.1429,0.2
"loc3023",0,0.1429,0.2
"loc3024",0,0.1429,0.2
"loc3025",0,0.1429,0.2
"loc3026",0,0.1429,0.2
"loc3027",0,0.1429,0.2
"loc3028",0,0.1429,0.2
"loc3029",0,0.1429,0.2
"loc3030",0,0.1429,0.2
"loc3031",0,0.1429,0.2
"loc3032",0,0.1429,0.2
"loc3033",0,0.1429,0.1
"loc3034",0,0.1429,0.1
"loc3035",0,0,0.2
"loc3036",0,0,0.2
"loc3037",0,0,0.2
"loc3038",0,0,0.2
"loc3039",0,0,0.2
"loc3040",0,0,0.2
"loc3041",0,0,0.2
"loc3042",0,0,0.2
"loc3043",0,0,0.2
"loc3044",0,0,0.2
"loc3045",0,0,0.2
"loc3046",0,0,0.2
"loc3047",0,0,0.2
"loc3048",0,0,0.2
"loc3049",0,0,0.2
"loc3050",0,0,0.2
"loc3051",0,0,0.2
"loc3052",0,0,0.2
"loc3053",0,0,0.2
"loc3054",0.5,0.2857,0.2
"loc3055",0.375,0.4286,0.4
"loc3056",0.375,0.1429,0.2
"loc3057",0,0,0.2
"loc3058",0,0,0.2
"loc3059",0.375,0,0
"loc3060",0.25,0.4286,0.4
"loc3061",0.375,0.7143,0.4
"loc3062",0,0.5714,0
"loc3063",0.25,0.1429,0
"loc3064",0.375,0.1429,0
"loc3065",0.125,0,0.2
"loc3066",0.125,0.2857,0
"loc3067",0.125,0.1429,0.2
"loc3068",0.25,0.4286,0.4
"loc3069",0.125,0.1429,0.2
"loc3070",0,0,0.2
"loc3071",0,0.2857,0.3
"loc3072",0,0.2857,0
"loc3073",0.125,0,0.2
"loc3074",0.125,0,0.2
"loc3075",0,0.2857,0.2
"loc3076",0,0,0.1
"loc3077",0.5,0,0.2
"loc3078",0.625,0.7143,0.8
"loc3079",0.125,0,0.2
"loc3080",0.5,0.5714,0.7
"loc3081",0.125,0.1429,0
"loc3082",0,0.1429,0.1
"loc3083",0,0.2857,0
"loc3084",0.125,0.2857,0.6
"loc3085",0.125,0.2857,0.6
"loc3086",0,0.4286,0
"loc3087",0,0.4286,0.4
"loc3088",0,0,0
"loc3089",0,0,0
"loc3090",0.375,0.5714,0.4
"loc3091",0.25,0.5714,0.4
"loc3092",0.25,0,0
"loc3093",0.25,0.5714,0.4
"loc3094",0,0.5714,0.4
"loc3095",0,0.5714,0.4
"loc3096",0.25,0,0
"loc3097",0.25,0.2857,0.8
"loc3098",0,0.4286,0.3
"loc3099",0.75,0,0
"loc3100",0.75,0,0
"loc3101",0.125,0.1429,0.1
"loc3102",0.125,0.1429,0
"loc3103",0.5,0.2857,0.1
"loc3104",0.75,0,0.2
"loc3105",0.125,0,0.5
"loc3106",0,0.2857,0
"loc3107",0,0,0.2
"loc3108",1,1,1
"loc3109",0,0,0.2
"loc3110",0,0,0.2
"loc3111",0,0,0.2
"loc3112",0,0,0.2
"loc3113",0,0.2857,0
"loc3114",0.125,0.5714,0.2
"loc3115",0.125,0.5714,0.2
"loc3116",0.125,0.5714,0.2
"loc3117",0.125,0.5714,0.2
"loc3118",0.125,0.5714,0.2
"loc3119",0.125,0.5714,0.2
"loc3120",0.125,0.4286,0.2
"loc3121",0.875,0.5714,0.2
"loc3122",0.125,0.5714,0.2
"loc3123",0.125,0.5714,0.2
"loc3124",0.125,0.5714,0.2
"loc3125",0.125,0.5714,0.2
"loc3126",0.125,0.4286,0.2
"loc3127",0,0.2857,0.2
"loc3128",0,0.2857,0.2
"loc3129",0,0,0.2
"loc3130",0,0,0.2
"loc3131",0,0.1429,0.1
"loc3132",0.125,0.7143,0.7
"loc3133",0.125,0,0.1
"loc3134",0,0,0.2
"loc3135",0.125,0.5714,0.2
"loc3136",0.125,0.5714,0.2
"loc3137",0.125,0.5714,0.2
"loc3138",0.875,0.5714,0.6
"loc3139",0,0.1429,0.2
"loc3140",0,0.1429,0.2
"loc3141",0,0,0.3
"loc3142",0.375,0.1429,0.5
"loc3143",0.5,0,0
"loc3144",0.875,0.4286,0.2
"loc3145",0,0.4286,0.4
"loc3146",0,0.2857,0.3
"loc3147",0.25,0,0
"loc3148",0.375,0.2857,0.4
"loc3149",0.375,0.2857,0.4
"loc3150",0.375,0.2857,0.2
"loc3151",0,0,0.2
"loc3152",0.5,0.2857,0.1
"loc3153",0.125,0.7143,0.7
"loc3154",0.125,0,0.4
"loc3155",0.125,0,0.1
"loc3156",0.25,0,0
"loc3157",0.25,0,0
"loc3158",0.375,0,0.3
"loc3159",0.125,0,0.1
"loc3160",0,0.2857,0.3
"loc3161",0.25,0.1429,0
"loc3162",0.125,0.2857,0.5
"loc3163",0,0,0
"loc3164",0,0,0.2
"loc3165",0,0,0.2
"loc3166",0.5,0.4286,0.5
"loc3167",0.375,0.5714,0.5
"loc3168",0.125,0.1429,0.2
"loc3169",0.375,0.4286,0.6
"loc3170",0.375,0.4286,0.4
"loc3171",0.25,0.4286,0.4
"loc3172",0.375,0.4286,0.2
"loc3173",0.125,0,0
"loc3174",0.125,0.1429,0.1
"loc3175",0.125,0.2857,0.3
"loc3176",0,0,0.2
"loc3177",0,0.2857,0
"loc3178",0.125,0,0.1
"loc3179",0.375,0.2857,0.1
"loc3180",0.125,0.2857,0.5
"loc3181",0.375,0.2857,0.1
"loc3182",0.125,0.1429,0.5
"loc3183",0.125,0.4286,0
"loc3184",0.375,0.2857,0.2
"loc3185",0.375,0.4286,0.2
"loc3186",0.5,0.4286,0.1
"loc3187",0.5,0.4286,0.1
"loc3188",0.5,0.4286,0.2
"loc3189",0.5,0.4286,0.2
"loc3190",0.25,0.1429,0.1
"loc3191",0.5,0.4286,0.1
"loc3192",0.5,0.2857,0.1
"loc3193",0,0.1429,0.2
"loc3194",0.25,0.4286,0.3
"loc3195",0.5,0.4286,0.4
"loc3196",0.5,0.4286,0.4
"loc3197",0.5,0.4286,0.4
"loc3198",0.625,0.8571,0.4
"loc3199",0.25,0.1429,0
"loc3200",0.625,0.5714,0.1
"loc3201",0.25,0.1429,0
"loc3202",0.25,0.4286,0.4
"loc3203",0.375,0.2857,0.5
"loc3204",0.375,0.1429,0.4
"loc3205",0.125,0,0.1
"loc3206",0.25,0,0.3
"loc3207",0.25,0,0.3
"loc3208",0.25,0,0
"loc3209",0.125,0.1429,0
"loc3210",0.5,0.7143,0.1
"loc3211",0,0,0
"loc3212",0,0,0
"loc3213",0.25,0.2857,0.2
"loc3214",0.125,0.2857,0.2
"loc3215",1,0.5714,1
"loc3216",0.125,0,0.1
"loc3217",0.5,0,0.3
"loc3218",0,0,0.6
"loc3219",0.125,0.1429,0.1
"loc3220",0.875,1,0.9
"loc3221",0.125,0.7143,0.3
"loc3222",0.75,0.4286,0.6
"loc3223",0.125,0.7143,0.3
"loc3224",0.125,0.7143,0.4
"loc3225",0.125,0.8571,0.3
"loc3226",0.125,0.7143,0.2
"loc3227",0,0.5714,0.2
"loc3228",0,0.4286,0.2
"loc3229",0.125,0,0.2
"loc3230",0.25,0.7143,0.5
"loc3231",0.125,0.8571,0.5
"loc3232",0.125,0.7143,0.6
"loc3233",0.125,0.7143,0.6
"loc3234",0.25,0.8571,0.6
"loc3235",0.125,0.7143,0.5
"loc3236",0.625,0.7143,0.7
"loc3237",0.25,0,0
"loc3238",0,0,0.2
"loc3239",0,0,0.2
"loc3240",0.375,0,0.3
"loc3241",0.375,0,0.1
"loc3242",0,0.1429,0.1
"loc3243",0,0.1429,0.3
"loc3244",0.5,0.2857,0.5
"loc3245",0.5,0.4286,0.5
"loc3246",0,0.1429,0.2
"loc3247",0.5,0.1429,0.2
"loc3248",0.625,0.1429,0.2
"loc3249",0,0,0.2
"loc3250",0,0.1429,0.1
"loc3251",0.125,0.1429,0.2
"loc3252",0.75,0.4286,0.4
"loc3253",0.125,0,0.2
"loc3254",0.125,0,0.2
"loc3255",0.75,0.1429,0.6
"loc3256",0.875,0.1429,0.6
"loc3257",0.375,0.4286,0.3
"loc3258",0,0.5714,0.2
"loc3259",0.125,0.5714,0.1
"loc3260",0.125,0.5714,0.1
"loc3261",0,0.4286,0.1
"loc3262",0,0.4286,0.1
"loc3263",0,0.1429,0.1
"loc3264",0,0.1429,0.1
"loc3265",0,0.4286,0.2
"loc3266",0.25,0,0.2
"loc3267",0.25,0.7143,0.2
"loc3268",0.375,0.7143,0.3
"loc3269",0.25,0.4286,0
"loc3270",0.125,0.2857,0.1
"loc3271",0.625,0.1429,0.4
"loc3272",0.125,0,0.1
"loc3273",0,0.1429,0.1
"loc3274",0.125,0,0.1
"loc3275",0,0.1429,0.1
"loc3276",0,0.7143,0.6
"loc3277",0,0.1429,0.1
"loc3278",0,0,0.2
"loc3279",0.625,0.1429,0
"loc3280",0.625,0.4286,0.1
"loc3281",0.75,0.4286,0.1
"loc3282",0.625,0.4286,0.1
"loc3283",0.75,0.4286,0.1
"loc3284",0.75,0.2857,0.1
"loc3285",0.625,0.4286,0.3
"loc3286",0.5,0.1429,0.1
"loc3287",0.375,0.4286,0.6
"loc3288",0.5,0.5714,0.6
"loc3289",0.5,0.5714,0.6
"loc3290",0,0.2857,0
"loc3291",0,0.2857,0.5
"loc3292",0,0.1429,0.4
"loc3293",0.125,0,0.3
"loc3294",0.5,0.7143,0.4
"loc3295",0.75,0.2857,0.2
"loc3296",0,0.1429,0.1
"loc3297",0,0.4286,0.2
"loc3298",0,0.4286,0.2
"loc3299",0,0.2857,0.1
"loc3300",0,0.4286,0.2
"loc3301",0,0.4286,0.2
"loc3302",0,0.4286,0.2
"loc3303",0,0.4286,0.2
"loc3304",0,0.4286,0.2
"loc3305",0,0.2857,0.1
"loc3306",0,0.1429,0.1
"loc3307",0,0.1429,0.1
"loc3308",0.125,0,0.2
"loc3309",0.125,0.8571,0.2
"loc3310",0.125,0,0.1
"loc3311",0.125,0.8571,0.2
"loc3312",0.125,0.8571,0.2
"loc3313",0,0.2857,0.3
"loc3314",0.625,0,0.3
"loc3315",0.125,0,0.1
"loc3316",0.375,0.4286,0.6
"loc3317",0.875,0.4286,0.8
"loc3318",0.875,0.5714,0.8
"loc3319",0.125,0.2857,0.2
"loc3320",0.25,0.4286,0.2
"loc3321",0.25,0.1429,0
"loc3322",0.875,0.7143,0.8
"loc3323",0.875,0.7143,0.8
"loc3324",0.75,0.7143,0.8
"loc3325",0.125,0.1429,0
"loc3326",0.375,0.2857,0.1
"loc3327",0,0.7143,0.6
"loc3328",0,0.7143,0.5
"loc3329",0.375,0.7143,0.6
"loc3330",0.375,0.7143,0.6
"loc3331",0.25,0,0
"loc3332",0,0.4286,0.5
"loc3333",0.25,0,0
"loc3334",0.375,0,0.2
"loc3335",0.125,0.7143,0.5
"loc3336",0,0.4286,0.6
"loc3337",0,0.1429,0.6
"loc3338",0.125,0,0.1
"loc3339",0.25,0.2857,0.6
"loc3340",0.125,0.2857,0.2
"loc3341",0,0.2857,0.1
"loc3342",0,0,0
"loc3343",0.25,0.2857,0.5
"loc3344",0,0.1429,0.2
"loc3345",0.25,0,0
"loc3346",0,0.2857,0.4
"loc3347",0.125,0.1429,0
"loc3348",0.25,0.2857,0.4
"loc3349",0.625,0,0.2
"loc3350",0.375,0.1429,0.2
"loc3351",0.125,0,0.1
"loc3352",0.75,0.4286,0.5
"loc3353",0.125,0,0.2
"loc3354",0.25,0.1429,0
"loc3355",0.375,0.2857,0.2
"loc3356",0.5,0.1429,0.6
"loc3357",0,0.1429,0
"loc3358",0.5,0.2857,0.5
"loc3359",0,0.2857,0
"loc3360",0.125,0,0.1
"loc3361",0,0.1429,0.2
"loc3362",0,0.1429,0.2
"loc3363",0,0.1429,0.2
"loc3364",0.5,0.4286,0.2
"loc3365",0.375,0,0.2
"loc3366",0,0,0.1
"loc3367",0.625,0.5714,0.2
"loc3368",0,0.2857,0.1
"loc3369",0,0,0.2
"loc3370",0.25,0.2857,0.4
"loc3371",0,0.2857,0.2
"loc3372",0.375,0.1429,0.2
"loc3373",0,0.1429,0.2
"loc3374",0.375,0.1429,0.3
"loc3375",0.75,0.2857,0.3
"loc3376",0.375,0.2857,0.4
"loc3377",0.875,0,0.6
"loc3378",0,0.2857,0.2
"loc3379",0,0,0.2
"loc3380",1,0.8571,1
"loc3381",0.5,0.1429,0.4
"loc3382",0.375,0.1429,0.3
"loc3383",0.375,0.1429,0.3
"loc3384",0.25,0,0
"loc3385",1,0.8571,1
"loc3386",0.125,0,0
"loc3387",0,0.1429,0.1
"loc3388",0.125,0.1429,0.3
"loc3389",0.25,0.1429,0.1
"loc3390",0.25,0.5714,0.3
"loc3391",0.5,0.5714,0.6
"loc3392",0.5,0.4286,0.5
"loc3393",0.5,0.4286,0.5
"loc3394",0,0,0.4
"loc3395",0,0.1429,0.1
"loc3396",0,0,0
"loc3397",0.375,0,0.4
"loc3398",0.25,0,0.2
"loc3399",0.875,0.4286,0.5
"loc3400",1,0.5714,0.7
"loc3401",1,0.8571,0.8
"loc3402",0.25,0.2857,0.2
"loc3403",0.375,0,0.2
"loc3404",0.75,0.5714,0.7
"loc3405",0.75,0.7143,0.4
"loc3406",0,0,0.4
"loc3407",0,0.1429,0.1
"loc3408",0,0.1429,0.4
"loc3409",0,0.1429,0.1
"loc3410",0,0.2857,0
"loc3411",0,0.2857,0
"loc3412",0,0.2857,0
"loc3413",0.125,0,0.1
"loc3414",0,0.1429,0.1
"loc3415",0.25,0,0
"loc3416",0.25,0.1429,0.1
"loc3417",0,0.1429,0.1
"loc3418",0.25,0,0.1
"loc3419",0,0,0.3
"loc3420",0,0,0.3
"loc3421",0,0,0.3
"loc3422",0.125,0.1429,0.1
"loc3423",1,0.5714,0.8
"loc3424",1,0.5714,0.8
"loc3425",1,0.2857,0.6
"loc3426",1,0.2857,0.6
"loc3427",1,0.1429,0.6
"loc3428",1,0.2857,0.7
"loc3429",1,0.1429,0.6
"loc3430",1,0.1429,0.6
"loc3431",1,0.1429,0.6
"loc3432",0.25,0.1429,0.1
"loc3433",0.5,0.8571,0.6
"loc3434",0.25,0,0.3
"loc3435",0.125,1,0
"loc3436",1,0.8571,0.8
"loc3437",0.125,1,0
"loc3438",0.125,0.2857,0
"loc3439",0.875,1,0.6
"loc3440",0.75,0.7143,0.6
"loc3441",0.75,0.7143,0.6
"loc3442",0,0.4286,0
"loc3443",0,0.4286,0
"loc3444",0.75,0.7143,0.6
"loc3445",0.125,0.4286,0
"loc3446",0,0.4286,0
"loc3447",1,1,0.6
"loc3448",0.75,0.7143,0.6
"loc3449",0,0.4286,0
"loc3450",0,0.4286,0
"loc3451",0.75,0.7143,0.6
"loc3452",0.75,1,0.6
"loc3453",0,0.7143,0.1
"loc3454",0,0.5714,0
"loc3455",0.25,1,0.2
"loc3456",0.125,0.5714,0
"loc3457",0.5,1,0.2
"loc3458",0.125,0.5714,0
"loc3459",0.625,1,0.3
"loc3460",0.25,0.2857,0
"loc3461",0.375,0,0
"loc3462",0.5,0,0
"loc3463",0.125,0.2857,0.2
"loc3464",0.375,0,0.1
"loc3465",0.25,0,0
"loc3466",0.25,0,0.2
"loc3467",0.125,0.1429,0
"loc3468",0.25,0.1429,0.1
"loc3469",0.875,0.7143,0.6
"loc3470",1,0.5714,0.8
"loc3471",1,0.7143,0.9
"loc3472",0.625,0.8571,0.4
"loc3473",1,0.7143,0.9
"loc3474",0.125,0.5714,0
"loc3475",0.75,0.5714,0.4
"loc3476",0.625,0,0.3
"loc3477",0,0.1429,0.2
"loc3478",0.25,0,0
"loc3479",0,0.4286,0.4
"loc3480",0.25,0.2857,0.3
"loc3481",0.25,0.2857,0.5
"loc3482",0,0.1429,0.3
"loc3483",0.125,0.2857,0.4
"loc3484",0.625,0.1429,0.2
"loc3485",0.125,0.4286,0.3
"loc3486",0.625,0.5714,0.6
"loc3487",0.125,0,0.1
"loc3488",0.625,0.5714,0.7
"loc3489",0.25,0.2857,0.4
"loc3490",0.125,0.1429,0.3
"loc3491",0.125,0.2857,0.5
"loc3492",0,0,0.2
"loc3493",0,0.1429,0.1
"loc3494",0.125,0,0.2
"loc3495",0.125,0,0.2
"loc3496",0.75,0.2857,0.7
"loc3497",1,0.4286,0.9
"loc3498",0.25,0,0.1
"loc3499",0,0,0.2
"loc3500",0.25,0,0.1
"loc3501",0.25,0,0.2
"loc3502",0.875,0.2857,0.9
"loc3503",0.25,0,0.1
"loc3504",0,0,0.3
"loc3505",0.125,0.2857,0.1
"loc3506",0.375,0.2857,0.2
"loc3507",0.375,0.5714,0.3
"loc3508",1,0.7143,1
"loc3509",0.75,0.4286,1
"loc3510",0.25,0.1429,0.1
"loc3511",0.125,0.1429,0.2
"loc3512",0.375,0.2857,0.1
"loc3513",1,0.5714,1
"loc3514",0.875,0.2857,1
"loc3515",0.875,0.2857,1
"loc3516",0.875,0.1429,0.9
"loc3517",0.875,0.8571,0.6
"loc3518",0,0.2857,0.3
"loc3519",0.375,0,0
"loc3520",0.875,0.8571,0.6
"loc3521",0.125,0,0.1
"loc3522",0.25,0,0
"loc3523",0,0.2857,0
"loc3524",0.375,0.7143,0.5
"loc3525",0.375,0.2857,0.2
"loc3526",0.125,0.1429,0.1
"loc3527",0.75,0.7143,0.8
"loc3528",0.25,0,0
"loc3529",0.875,0.5714,0.8
"loc3530",0.125,0.2857,0.1
"loc3531",0.25,0.1429,0.1
"loc3532",0,0.1429,0.3
"loc3533",0.875,0.4286,0.3
"loc3534",0.75,0.7143,0.7
"loc3535",0.375,0,0.3
"loc3536",0.125,0.1429,0.1
"loc3537",0.875,0.4286,0.8
"loc3538",0.5,0,0.2
"loc3539",0,0.1429,0.3
"loc3540",0.375,0,0.7
"loc3541",0.25,0.4286,0.2
"loc3542",0.625,0.1429,0.4
"loc3543",0.125,0.1429,0.3
"loc3544",0.625,0.5714,0.5
"loc3545",0.375,0.2857,0.2
"loc3546",0.375,0,0.6
"loc3547",0,0.1429,0.3
"loc3548",1,0.8571,0.9
"loc3549",0.75,0.7143,0.2
"loc3550",0.5,0.4286,0.6
"loc3551",0.375,0.4286,0.3
"loc3552",0.5,0,0.3
"loc3553",0.25,0.1429,0.1
"loc3554",0.25,0,0.1
"loc3555",1,0.8571,0.7
"loc3556",0.375,0.4286,0.6
"loc3557",0.125,0,0.1
"loc3558",1,0.8571,0.9
"loc3559",0,0.2857,0.1
"loc3560",0.25,0.2857,0.1
"loc3561",0.5,0.5714,0.5
"loc3562",0.5,0.4286,0.6
"loc3563",0.25,0.4286,0.3
"loc3564",0.375,0,0.1
"loc3565",0,0.2857,0.1
"loc3566",0.875,0.4286,0.7
"loc3567",1,0.7143,0.9
"loc3568",0.875,0.8571,0.6
"loc3569",0.375,0,0.1
"loc3570",0,0.4286,0.1
"loc3571",0.25,0.1429,0.3
"loc3572",1,0.5714,0.5
"loc3573",0.25,0.4286,0.6
"loc3574",0.125,0.1429,0.5
"loc3575",0.25,0,0.2
"loc3576",0.75,0.8571,0.6
"loc3577",0.625,0.7143,0.7
"loc3578",0.375,0,0.4
"loc3579",0.25,0,0
"loc3580",0.75,0.1429,0.2
"loc3581",0,0.2857,0.1
"loc3582",0.375,0,0.3
"loc3583",0.75,0.4286,0.7
"loc3584",0.375,0,0.3
"loc3585",0.375,0,0.4
"loc3586",0.375,0,0.3
"loc3587",0.625,0.5714,0.6
"loc3588",0,0,0.2
"loc3589",0.25,0.4286,0.3
"loc3590",0.375,0.1429,0.4
"loc3591",0.5,0,0
"loc3592",0.375,0,0
"loc3593",0.375,0.1429,0.1
"loc3594",0.375,0,0
"loc3595",0.625,0.2857,0.2
"loc3596",0,0.4286,0
"loc3597",0.375,0.1429,0.2
"loc3598",0.375,0.2857,0.3
"loc3599",0,0.2857,0
"loc3600",0.5,0.4286,0
"loc3601",0.25,0.1429,0.1
"loc3602",0.75,0.4286,0.5
"loc3603",0,0.2857,0.2
"loc3604",0.375,0.1429,0
"loc3605",1,1,0.9
"loc3606",1,1,0.9
"loc3607",1,1,1
"loc3608",1,1,0.9
"loc3609",0.5,0.1429,0.2
"loc3610",0.25,0.1429,0.2
"loc3611",1,0.7143,0.8
"loc3612",0.125,0.2857,0.2
"loc3613",1,0.8571,0.7
"loc3614",0,0,0.2
"loc3615",0.125,0.1429,0.2
"loc3616",0,0,0.2
"loc3617",0.125,0.4286,0
"loc3618",0.125,0.4286,0
"loc3619",0,0,0.2
"loc3620",0.875,0.5714,0.7
"loc3621",0.625,0,0.2
"loc3622",0.25,0.2857,0
"loc3623",0.625,0,0.3
"loc3624",0.125,0.2857,0.2
"loc3625",0,0.4286,0
"loc3626",0.125,0,0.1
"loc3627",0,0.2857,0.1
"loc3628",0,0.1429,0.1
"loc3629",0.125,0,0.2
"loc3630",0.125,0.1429,0.2
"loc3631",0.125,0.2857,0.4
"loc3632",0.125,0.2857,0.4
"loc3633",0.25,0,0.2
"loc3634",0.375,0,0
"loc3635",0,0.4286,0.1
"loc3636",0,0.2857,0.4
"loc3637",0,0.4286,0
"loc3638",0,0.2857,0.1
"loc3639",0,0.2857,0.1
"loc3640",0,0.4286,0
"loc3641",0.125,0.4286,0.1
"loc3642",0.375,0.2857,0.2
"loc3643",0.375,0.2857,0.2
"loc3644",0.875,0.4286,0.5
"loc3645",0.75,0.2857,0.5
"loc3646",0.375,0.2857,0.3
"loc3647",0,0.1429,0.1
"loc3648",0.625,0.4286,0.7
"loc3649",0.625,0,0.1
"loc3650",0,0.4286,0
"loc3651",0.125,0.2857,0
"loc3652",0.125,0.1429,0.2
"loc3653",0.125,0.1429,0.2
"loc3654",0,0.1429,0.2
"loc3655",0.875,0.8571,0.7
"loc3656",0.125,0.2857,0.3
"loc3657",0.125,0,0.2
"loc3658",0.375,0.1429,0.1
"loc3659",1,1,0.8
"loc3660",0.125,0,0.2
"loc3661",0.125,0.2857,0.3
"loc3662",0.25,0.2857,0.4
"loc3663",0.375,0.1429,0
"loc3664",1,0.8571,0.6
"loc3665",1,0.8571,0.6
"loc3666",0.5,0.4286,0.6
"loc3667",0.75,0.4286,0.6
"loc3668",0.375,0.2857,0.6
"loc3669",0.875,0.8571,0.7
"loc3670",0.125,0,0.2
"loc3671",0.75,0.7143,0.6
"loc3672",1,0.8571,0.8
"loc3673",0.5,0.4286,0.5
"loc3674",0.375,0.4286,0.3
"loc3675",0.25,0,0
"loc3676",0.25,0.2857,0
"loc3677",0.25,0.1429,0
"loc3678",0.125,0.1429,0
"loc3679",0.125,0.1429,0
"loc3680",0.75,0.8571,0.7
"loc3681",0.875,1,1
"loc3682",0.625,0.2857,0.3
"loc3683",0.625,0.2857,0.3
"loc3684",0.125,0.2857,0
"loc3685",0,0.1429,0.1
"loc3686",0.875,0.7143,0.8
"loc3687",0.5,0.2857,0.2
"loc3688",0.5,0.2857,0.3
"loc3689",0.25,0.5714,0.5
"loc3690",0.125,0.1429,0.1
"loc3691",0.875,0.7143,0.4
"loc3692",0.875,0.1429,0.3
"loc3693",0.125,0.1429,0
"loc3694",1,0.8571,0.6
"loc3695",0.625,0,0.1
"loc3696",0.25,0.1429,0.1
"loc3697",0.25,0.1429,0.1
"loc3698",0.25,0.1429,0.1
"loc3699",0.75,0.1429,0.6
"loc3700",0.25,0.1429,0.1
"loc3701",0.75,0.1429,0.6
"loc3702",1,1,0.6
"loc3703",0.75,0.4286,0.3
"loc3704",0.125,0.1429,0
"loc3705",0.5,0.2857,0.5
"loc3706",0.25,0.2857,0
"loc3707",0.25,0.2857,0
"loc3708",0.5,0.5714,0.2
"loc3709",0.5,0,0
"loc3710",0.75,0.2857,0.5
"loc3711",0.875,0.8571,0.6
"loc3712",1,0.4286,0.4
"loc3713",0.875,0.7143,0.4
"loc3714",0.125,0,0.5
"loc3715",0.375,0.2857,0.2
"loc3716",0.375,0.5714,0.6
"loc3717",0.25,0.1429,0
"loc3718",0.375,0.2857,0.4
"loc3719",0.75,0.5714,0.3
"loc3720",0.5,0,0.2
"loc3721",0.125,0.2857,0.2
"loc3722",0.375,0.2857,0.3
"loc3723",0.5,0,0.1
"loc3724",0.25,0.1429,0
"loc3725",0.125,0.2857,0.2
"loc3726",0.5,0,0.2
"loc3727",0.375,0.2857,0.3
"loc3728",0.125,0.2857,0.2
"loc3729",0.25,0.2857,0
"loc3730",0.375,0.2857,0.3
"loc3731",0.75,0.5714,0.3
"loc3732",0,0.2857,0
"loc3733",0.5,0,0.3
"loc3734",0.5,0.2857,0.3
"loc3735",0.125,0,0.1
"loc3736",0.375,0.1429,0.3
"loc3737",0.375,0.1429,0.3
"loc3738",0.375,0.1429,0.3
"loc3739",0.375,0.1429,0.3
"loc3740",0.25,0,0
"loc3741",0.25,0,0
"loc3742",0.25,0,0
"loc3743",1,0.8571,0.6
"loc3744",0.125,0,0.1
"loc3745",1,0.8571,0.6
"loc3746",0.875,0.7143,0.4
"loc3747",0.5,0,0.2
"loc3748",0,0,0.4
"loc3749",0,0,0.4
"loc3750",0.125,0.1429,0.5
"loc3751",0,0,0.4
"loc3752",0.25,0.1429,0.2
"loc3753",0.375,0,0.5
"loc3754",0.125,0.1429,0.2
"loc3755",0.375,0.1429,0.2
"loc3756",0.125,0.1429,0.3
"loc3757",0.375,0,0.3
"loc3758",0.125,0.5714,0.4
"loc3759",0.375,0,0.3
"loc3760",0.125,0.1429,0.5
"loc3761",0.5,0.4286,0.4
"loc3762",0.375,0.1429,0.3
"loc3763",0.125,0.1429,0
"loc3764",0.125,0.1429,0.1
"loc3765",0.25,0.5714,0.2
"loc3766",0.125,0,0.1
"loc3767",0.25,0,0.1
"loc3768",0.375,0.1429,0.3
"loc3769",0.25,0.2857,0.3
"loc3770",1,0.7143,0.8
"loc3771",0.125,0,0.1
"loc3772",1,0.7143,0.8
"loc3773",0.875,0.7143,0.7
"loc3774",1,0.7143,0.8
"loc3775",0.25,0,0.1
"loc3776",0.25,0,0.1
"loc3777",0,0.2857,0
"loc3778",0.25,0.1429,0.2
"loc3779",0.125,0.2857,0.2
"loc3780",0.5,0.7143,0.7
"loc3781",0.625,0.4286,0.9
"loc3782",1,0.7143,0.8
"loc3783",0.125,0.1429,0
"loc3784",0.125,0.1429,0
"loc3785",0.25,0.1429,0.5
"loc3786",0.25,0.2857,0.4
"loc3787",0,0.1429,0.3
"loc3788",0,0.2857,0
"loc3789",0.125,0.2857,0.4
"loc3790",0.125,0,0.1
"loc3791",0.125,0.1429,0
"loc3792",0.25,0.1429,0.1
"loc3793",0.125,0,0
"loc3794",0,0.1429,0
"loc3795",0.375,0,0
"loc3796",0,0.2857,0
"loc3797",0.375,0,0
"loc3798",0.75,0,0
"loc3799",0.625,0.2857,0.2
"loc3800",0.125,0.1429,0
"loc3801",0,0.1429,0.2
"loc3802",0.125,0,0.1
"loc3803",0,0,0.2
"loc3804",0,0,0
"loc3805",0,0,0.1
"loc3806",0,0,0
"loc3807",0.625,0.1429,0.5
"loc3808",0,0.1429,0.1
"loc3809",0.375,0.2857,0.4
"loc3810",0,0,0.2
"loc3811",0.125,0,0.1
"loc3812",0.25,0,0
"loc3813",0.125,0.1429,0
"loc3814",0.375,0.1429,0.2
"loc3815",0,0,0.2
"loc3816",0.125,0.2857,0.4
"loc3817",0,0,0.3
"loc3818",0.625,0.1429,0.4
"loc3819",0.75,0.1429,0.1
"loc3820",0.75,0.1429,0.1
"loc3821",0.125,0.2857,0
"loc3822",0.5,0,0.2
"loc3823",0.5,0,0.2
"loc3824",0,0,0.1
"loc3825",0,0,0.2
"loc3826",0,0,0.2
"loc3827",0,0,0.2
"loc3828",0,0,0.2
"loc3829",0,0,0.2
"loc3830",0,0,0.2
"loc3831",0,0,0.2
"loc3832",0,0,0.2
"loc3833",0,0,0.3
"loc3834",0,0.1429,0.1
"loc3835",0,0,0
"loc3836",0.125,0.2857,0.4
"loc3837",0,0.2857,0.3
"loc3838",0,0,0.3
"loc3839",0.125,0,0.3
"loc3840",0.375,0,0
"loc3841",0.25,0,0
"loc3842",0.125,0.5714,0.2
"loc3843",0.375,0.1429,0.4
"loc3844",0.25,0.1429,0.4
"loc3845",0.25,0.2857,0.3
"loc3846",0,0,0
"loc3847",0,0,0.2
"loc3848",0,0,0.2
"loc3849",0,0,0.2
"loc3850",0.125,0,0.1
"loc3851",0,0.2857,0
"loc3852",0,0.2857,0.4
"loc3853",0.125,0.2857,0.3
"loc3854",0.25,0,0
"loc3855",0.75,0.2857,0.4
"loc3856",0.75,0.2857,0.3
"loc3857",0,0.1429,0.2
"loc3858",0.5,0,0.9
"loc3859",0.125,0,0.3
"loc3860",0.375,0.4286,0.6
"loc3861",0.125,0,0.1
"loc3862",0.875,0.8571,1
"loc3863",0,0.2857,0.1
"loc3864",0.125,0,0.1
"loc3865",0.125,0,0.2
"loc3866",0.25,0.1429,0.1
"loc3867",0.125,0.1429,0.1
"loc3868",0.125,0.2857,0.2
"loc3869",0,0,0
"loc3870",0,0,0.1
"loc3871",0,0,0
"loc3872",0,0,0
"loc3873",0,0,0
"loc3874",0,0.1429,0
"loc3875",0,0,0
"loc3876",0,0,0.1
"loc3877",0,0,0
"loc3878",0,0,0.1
"loc3879",0,0,0
"loc3880",0,0,0
"loc3881",0,0,0
"loc3882",0,0,0.1
"loc3883",0,0,0
"loc3884",0,0,0
"loc3885",0,0,0.1
"loc3886",0,0.1429,0.4
"loc3887",0,0.2857,0.2
"loc3888",0.125,0.1429,0.1
"loc3889",0.375,0.1429,0.4
"loc3890",0,0,0.2
"loc3891",0.125,0.1429,0.3
"loc3892",0.5,0.4286,0.3
"loc3893",0,0,0.2
"loc3894",0.25,0.4286,0.6
"loc3895",0.25,0,0.1
"loc3896",0.375,0.2857,0.3
"loc3897",0.125,0.1429,0
"loc3898",0,0.1429,0.2
"loc3899",0.125,0.4286,0.1
"loc3900",0.5,0.4286,0.3
"loc3901",0.375,0.1429,0.5
"loc3902",0.25,0.2857,0.3
"loc3903",0.25,0.1429,0.1
"loc3904",0.125,0.4286,0.4
"loc3905",0,0,0.2
"loc3906",0,0,0.2
"loc3907",0.5,0.5714,0.7
"loc3908",0.375,0,0.2
"loc3909",0,0,0.2
"loc3910",0.125,0.1429,0.2
"loc3911",0.5,0.2857,0.4
"loc3912",0.5,0.4286,0.4
"loc3913",0,0.2857,0.2
"loc3914",0.25,0.4286,0.5
"loc3915",0.25,0.2857,0.3
"loc3916",0.375,0.2857,0.4
"loc3917",0.25,0.4286,0.4
"loc3918",0.125,0.5714,0.3
"loc3919",0,0,0.1
"loc3920",0,0,0.1
"loc3921",0,0,0
"loc3922",0,0,0
"loc3923",0,0.1429,0
"loc3924",0,0,0
"loc3925",0,0,0
"loc3926",0,0,0
"loc3927",0,0,0
"loc3928",0,0,0.1
"loc3929",0,0.1429,0
"loc3930",0,0,0
"loc3931",0,0,0.1
"loc3932",0,0,0
"loc3933",0.125,0.2857,0.3
"loc3934",0,0.2857,0.1
"loc3935",0.125,0,0.2
"loc3936",0.25,0.1429,0
"loc3937",0.25,0.1429,0.1
"loc3938",0.375,0.4286,0.4
"loc3939",0.125,0.1429,0.2
"loc3940",0.125,0.2857,0.3
"loc3941",0.125,0,0.1
"loc3942",0.125,0.2857,0
"loc3943",0,0.2857,0.2
"loc3944",0.125,0.4286,0.3
"loc3945",0.5,0.1429,0.3
"loc3946",0.125,0,0.2
"loc3947",0.125,0,0.2
"loc3948",0.125,0,0.2
"loc3949",0.125,0,0.2
"loc3950",0.125,0,0.2
"loc3951",0,0,0.2
"loc3952",0,0,0.2
"loc3953",0,0,0.2
"loc3954",0,0,0.2
"loc3955",0,0,0.2
"loc3956",0,0,0.2
"loc3957",0,0,0.2
"loc3958",0.375,0,0.1
"loc3959",0,0.1429,0.1
"loc3960",0.125,0.4286,0.1
"loc3961",0,0.2857,0
"loc3962",0.5,0.4286,0.4
"loc3963",0,0,0
"loc3964",0,0,0
"loc3965",0,0.1429,0
"loc3966",0,0,0.1
"loc3967",0,0,0
"loc3968",0,0,0
"loc3969",0,0,0
"loc3970",0,0,0
"loc3971",0,0.1429,0
"loc3972",0.375,0.7143,0.5
"loc3973",0.25,0,0
"loc3974",0,0.1429,0.1
"loc3975",0.25,0,0.1
"loc3976",0.125,0,0.1
"loc3977",0.625,0.2857,0.4
"loc3978",0,0,0
"loc3979",0,0,0
"loc3980",0,0,0.1
"loc3981",0.375,0,0.2
"loc3982",0,0,0.1
"loc3983",0,0.1429,0.1
"loc3984",0.125,0.2857,0.4
"loc3985",0.625,0.1429,0.1
"loc3986",0.375,0.5714,0.3
"loc3987",0.125,0.4286,0.2
"loc3988",0,0,0.2
"loc3989",0.625,0.5714,0.7
"loc3990",0,0,0
"loc3991",0,0,0
"loc3992",0,0,0
"loc3993",0,0,0
"loc3994",0.125,0,0.2
"loc3995",0,0,0.2
"loc3996",0,0.2857,0.1
"loc3997",0,0.1429,0.2
"loc3998",0,0.1429,0.2
"loc3999",0,0.2857,0.2
"loc4000",0,0.1429,0.1
"loc4001",0,0.2857,0
"loc4002",0,0.4286,0.4
"loc4003",0,0.1429,0.3
"loc4004",0.5,0.1429,0.7
"loc4005",0.25,0.2857,0.5
"loc4006",0,0.1429,0.2
"loc4007",0,0.1429,0.2
"loc4008",0,0.1429,0.2
"loc4009",0.5,0.1429,0.6
"loc4010",0,0,0.2
"loc4011",0.125,0.1429,0.1
"loc4012",0.125,0,0.3
"loc4013",0.5,0,0
"loc4014",0,0.1429,0.1
"loc4015",0.125,0,0
"loc4016",0,0.2857,0.1
"loc4017",0.25,0.4286,0.4
"loc4018",0.25,0,0
"loc4019",0.5,0,0
"loc4020",0.5,0,0
"loc4021",0.25,0.4286,0.3
"loc4022",0,0.2857,0.3
"loc4023",0.25,0,0.1
"loc4024",0.25,0,0.1
"loc4025",0.25,0,0
"loc4026",0.5,0.1429,0.6
"loc4027",0,0.2857,0.1
"loc4028",0,0.2857,0.1
"loc4029",0,0.4286,0
"loc4030",0.375,0.2857,0.2
"loc4031",0,0,0.3
"loc4032",0.625,0.1429,0
"loc4033",0.25,0,0.6
"loc4034",0.125,0,0.3
"loc4035",0.125,0,0.1
"loc4036",0.375,0.2857,0.1
"loc4037",0,0,0.3
"loc4038",0.5,0.7143,0.1
"loc4039",0.5,0.7143,0.1
"loc4040",0.375,0.7143,0.1
"loc4041",0,0.2857,0
"loc4042",0.5,0.2857,0.1
"loc4043",0.125,0.2857,0.3
"loc4044",0.25,0,0.1
"loc4045",0,0.2857,0
"loc4046",0.25,0,0
"loc4047",0,0.2857,0.2
"loc4048",0.25,0.5714,0.1
"loc4049",0.25,0.2857,0.3
"loc4050",0,0,0.2
"loc4051",0.125,0.1429,0
"loc4052",0.125,0,0.1
"loc4053",0.125,0,0.1
"loc4054",0.375,0,0.1
"loc4055",0,0.1429,0
"loc4056",0.375,0.1429,0.3
"loc4057",0,0.2857,0
"loc4058",0.375,0.2857,0.3
"loc4059",0,0.1429,0.4
"loc4060",0,0,0.2
"loc4061",0.125,0,0.1
"loc4062",0,0,0
"loc4063",0.25,0,0
"loc4064",0,0,0.2
"loc4065",0.5,0.5714,0.5
"loc4066",0,0.2857,0
"loc4067",0.25,0,0
"loc4068",0.25,0.2857,0.2
"loc4069",0.25,0,0
"loc4070",0,0.1429,0.4
"loc4071",0.25,0.4286,0.2
"loc4072",0.25,0.4286,0.2
"loc4073",0.25,0.1429,0.3
"loc4074",0.125,0.1429,0.3
"loc4075",0.125,0,0.1
"loc4076",0.125,0,0.1
"loc4077",0.25,0.2857,0.1
"loc4078",0,0.7143,0.4
"loc4079",0,0,0.5
"loc4080",0.25,0.7143,0.1
"loc4081",0,0.2857,0
"loc4082",0.125,0.2857,0.4
"loc4083",0,0,0
"loc4084",0,0.4286,0.2
"loc4085",0,0.4286,0.2
"loc4086",0,0.2857,0.2
"loc4087",0,0.1429,0.1
"loc4088",0,0.1429,0.1
"loc4089",0.25,0.2857,0.4
"loc4090",0.625,0,0.2
"loc4091",0.25,0.2857,0.4
"loc4092",0.25,0.2857,0.5
"loc4093",0.25,0.4286,0.2
"loc4094",0.5,0.2857,0.3
"loc4095",0.375,0,0
"loc4096",0,0,0.3
"loc4097",0.125,0.4286,0.4
"loc4098",0.25,0,0.3
"loc4099",0.125,0.2857,0.1
"loc4100",0,0,0.2
"loc4101",0,0,0.5
"loc4102",0,0.5714,0.5
"loc4103",0.5,0,0.7
"loc4104",0.25,0,0
"loc4105",0,0,0.4
"loc4106",0.5,0.7143,0.5
"loc4107",0,0.2857,0.2
"loc4108",0,0.2857,0.3
"loc4109",0,0.4286,0.1
"loc4110",0,0.2857,0
"loc4111",0,0,0.3
"loc4112",0.625,0,0.6
"loc4113",0,0.1429,0.1
"loc4114",0.125,0.1429,0.1
"loc4115",0.125,0,0.2
"loc4116",0.125,0,0.2
"loc4117",0.25,0,0
"loc4118",0.375,0.1429,0.4
"loc4119",0.25,0,0.4
"loc4120",0.125,0.2857,0.2
"loc4121",0.25,0,0.1
"loc4122",0,0,0.1
"loc4123",0.125,0,0.4
"loc4124",0,0.2857,0.3
"loc4125",0.625,0,0.3
"loc4126",0,0,0.3
"loc4127",0.25,0,0.1
"loc4128",0.75,0,0.2
"loc4129",0,0.1429,0.1
"loc4130",0,0.1429,0.1
"loc4131",0.125,0.1429,0
"loc4132",0,0.1429,0.2
"loc4133",0.5,0,0.2
"loc4134",0,0,0
"loc4135",0,0,0
"loc4136",0,0,0
"loc4137",0.625,0.4286,0.5
"loc4138",0.125,0,0
"loc4139",0.25,0.4286,0.5
"loc4140",0.125,0.2857,0
"loc4141",0.375,0.1429,0.7
"loc4142",0.25,0.1429,0.2
"loc4143",0.625,0.4286,0.4
"loc4144",0.125,0.1429,0
"loc4145",0.375,0.1429,0.2
"loc4146",0,0.1429,0.1
"loc4147",0.625,0.7143,0.4
"loc4148",0.5,0.2857,0.5
"loc4149",0.125,0.1429,0
"loc4150",0.125,0.1429,0.1
"loc4151",0,0,0.3
"loc4152",0.125,0,0.1
"loc4153",0,0,0.2
"loc4154",0.375,0.1429,0
"loc4155",0.25,0.4286,0.2
"loc4156",0.25,0,0
"loc4157",0.125,0,0.1
"loc4158",0,0,0
"loc4159",0.25,0,0
"loc4160",0,0.1429,0.1
"loc4161",0.25,0,0
"loc4162",0.375,0.1429,0.1
"loc4163",0,0.1429,0.1
"loc4164",0,0.1429,0.1
"loc4165",0,0.1429,0.1
"loc4166",0,0.1429,0.1
"loc4167",0,0.1429,0.2
"loc4168",0.375,0.2857,0.1
"loc4169",0.25,0.1429,0.2
"loc4170",0.125,0.1429,0.1
"loc4171",0.25,0,0
"loc4172",0.125,0.1429,0.1
"loc4173",0.375,0,0
"loc4174",0.25,0.1429,0.2
"loc4175",0.25,0.2857,0.2
"loc4176",0,0.1429,0.3
"loc4177",0,0.1429,0.2
"loc4178",0.125,0.2857,0.2
"loc4179",0.25,0.4286,0.4
"loc4180",0,0.1429,0.2
"loc4181",0.5,0,0.5
"loc4182",0.25,0,0
"loc4183",0,0.1429,0.1
"loc4184",0.5,0.1429,0.1
"loc4185",0.5,0.1429,0.1
"loc4186",0.375,0.2857,0.7
"loc4187",0.5,0,0.2
"loc4188",0.5,0.4286,0.5
"loc4189",0.5,0.4286,0.5
"loc4190",0.375,0.2857,0.6
"loc4191",0.5,0,0.5
"loc4192",0.75,0,0.4
"loc4193",0,0.4286,0.1
"loc4194",0,0.2857,0
"loc4195",0,0.2857,0
"loc4196",0.875,0.2857,0.5
"loc4197",0,0.2857,0.1
"loc4198",0,0,0.2
"loc4199",0,0,0.2
"loc4200",0,0,0.2
"loc4201",0,0,0.2
"loc4202",0.625,0.1429,0.7
"loc4203",0,0.1429,0.2
"loc4204",0,0.4286,0.4
"loc4205",0.125,0,0.1
"loc4206",0,0.1429,0.1
"loc4207",0,0.1429,0.1
"loc4208",0,0.1429,0.1
"loc4209",0.125,0.7143,0.5
"loc4210",0,0.1429,0.1
"loc4211",0.375,0.4286,0.3
"loc4212",0,0,0
